tranche_id	generation	heavy_atom_bin	logp_bin	url	expected_bytes
zinc-22f-H10P000	f	10	0	https://files.docking.org/zinc22/zinc-22f/H10/H10P000/H10P000-M.f.smi.gz	212
zinc-22f-H10P010	f	10	10	https://files.docking.org/zinc22/zinc-22f/H10/H10P010/H10P010-M.f.smi.gz	248
zinc-22f-H10P020	f	10	20	https://files.docking.org/zinc22/zinc-22f/H10/H10P020/H10P020-M.f.smi.gz	198
zinc-22f-H10P030	f	10	30	https://files.docking.org/zinc22/zinc-22f/H10/H10P030/H10P030-M.f.smi.gz	267
zinc-22f-H10P040	f	10	40	https://files.docking.org/zinc22/zinc-22f/H10/H10P040/H10P040-M.f.smi.gz	274
zinc-22f-H10P050	f	10	50	https://files.docking.org/zinc22/zinc-22f/H10/H10P050/H10P050-M.f.smi.gz	597
zinc-22f-H10P060	f	10	60	https://files.docking.org/zinc22/zinc-22f/H10/H10P060/H10P060-M.f.smi.gz	333
zinc-22f-H10P070	f	10	70	https://files.docking.org/zinc22/zinc-22f/H10/H10P070/H10P070-M.f.smi.gz	266
zinc-22f-H10P080	f	10	80	https://files.docking.org/zinc22/zinc-22f/H10/H10P080/H10P080-M.f.smi.gz	238
zinc-22f-H10P090	f	10	90	https://files.docking.org/zinc22/zinc-22f/H10/H10P090/H10P090-M.f.smi.gz	266
zinc-22f-H10P100	f	10	100	https://files.docking.org/zinc22/zinc-22f/H10/H10P100/H10P100-M.f.smi.gz	487
zinc-22f-H10P110	f	10	110	https://files.docking.org/zinc22/zinc-22f/H10/H10P110/H10P110-M.f.smi.gz	198
zinc-22f-H10P120	f	10	120	https://files.docking.org/zinc22/zinc-22f/H10/H10P120/H10P120-M.f.smi.gz	343
zinc-22f-H10P130	f	10	130	https://files.docking.org/zinc22/zinc-22f/H10/H10P130/H10P130-M.f.smi.gz	217
zinc-22f-H10P140	f	10	140	https://files.docking.org/zinc22/zinc-22f/H10/H10P140/H10P140-M.f.smi.gz	272
zinc-22f-H10P150	f	10	150	https://files.docking.org/zinc22/zinc-22f/H10/H10P150/H10P150-M.f.smi.gz	292
zinc-22f-H10P160	f	10	160	https://files.docking.org/zinc22/zinc-22f/H10/H10P160/H10P160-M.f.smi.gz	177
zinc-22f-H10P170	f	10	170	https://files.docking.org/zinc22/zinc-22f/H10/H10P170/H10P170-M.f.smi.gz	50
zinc-22f-H10P180	f	10	180	https://files.docking.org/zinc22/zinc-22f/H10/H10P180/H10P180-M.f.smi.gz	49
zinc-22f-H10P200	f	10	200	https://files.docking.org/zinc22/zinc-22f/H10/H10P200/H10P200-M.f.smi.gz	166
zinc-22f-H10P210	f	10	210	https://files.docking.org/zinc22/zinc-22f/H10/H10P210/H10P210-M.f.smi.gz	124
zinc-22f-H10P250	f	10	250	https://files.docking.org/zinc22/zinc-22f/H10/H10P250/H10P250-M.f.smi.gz	52
zinc-22f-H10P280	f	10	280	https://files.docking.org/zinc22/zinc-22f/H10/H10P280/H10P280-M.f.smi.gz	48
zinc-22f-H10P310	f	10	310	https://files.docking.org/zinc22/zinc-22f/H10/H10P310/H10P310-M.f.smi.gz	52
zinc-22f-H10P340	f	10	340	https://files.docking.org/zinc22/zinc-22f/H10/H10P340/H10P340-M.f.smi.gz	49
zinc-22f-H11P000	f	11	0	https://files.docking.org/zinc22/zinc-22f/H11/H11P000/H11P000-M.f.smi.gz	741
zinc-22f-H11P010	f	11	10	https://files.docking.org/zinc22/zinc-22f/H11/H11P010/H11P010-M.f.smi.gz	933
zinc-22f-H11P020	f	11	20	https://files.docking.org/zinc22/zinc-22f/H11/H11P020/H11P020-M.f.smi.gz	958
zinc-22f-H11P030	f	11	30	https://files.docking.org/zinc22/zinc-22f/H11/H11P030/H11P030-M.f.smi.gz	1200
zinc-22f-H11P040	f	11	40	https://files.docking.org/zinc22/zinc-22f/H11/H11P040/H11P040-M.f.smi.gz	1102
zinc-22f-H11P050	f	11	50	https://files.docking.org/zinc22/zinc-22f/H11/H11P050/H11P050-M.f.smi.gz	1296
zinc-22f-H11P060	f	11	60	https://files.docking.org/zinc22/zinc-22f/H11/H11P060/H11P060-M.f.smi.gz	1012
zinc-22f-H11P070	f	11	70	https://files.docking.org/zinc22/zinc-22f/H11/H11P070/H11P070-M.f.smi.gz	1543
zinc-22f-H11P080	f	11	80	https://files.docking.org/zinc22/zinc-22f/H11/H11P080/H11P080-M.f.smi.gz	1248
zinc-22f-H11P090	f	11	90	https://files.docking.org/zinc22/zinc-22f/H11/H11P090/H11P090-M.f.smi.gz	1561
zinc-22f-H11P100	f	11	100	https://files.docking.org/zinc22/zinc-22f/H11/H11P100/H11P100-M.f.smi.gz	1087
zinc-22f-H11P110	f	11	110	https://files.docking.org/zinc22/zinc-22f/H11/H11P110/H11P110-M.f.smi.gz	1462
zinc-22f-H11P120	f	11	120	https://files.docking.org/zinc22/zinc-22f/H11/H11P120/H11P120-M.f.smi.gz	1166
zinc-22f-H11P130	f	11	130	https://files.docking.org/zinc22/zinc-22f/H11/H11P130/H11P130-M.f.smi.gz	1107
zinc-22f-H11P140	f	11	140	https://files.docking.org/zinc22/zinc-22f/H11/H11P140/H11P140-M.f.smi.gz	1185
zinc-22f-H11P150	f	11	150	https://files.docking.org/zinc22/zinc-22f/H11/H11P150/H11P150-M.f.smi.gz	1061
zinc-22f-H11P160	f	11	160	https://files.docking.org/zinc22/zinc-22f/H11/H11P160/H11P160-M.f.smi.gz	1303
zinc-22f-H11P170	f	11	170	https://files.docking.org/zinc22/zinc-22f/H11/H11P170/H11P170-M.f.smi.gz	1115
zinc-22f-H11P180	f	11	180	https://files.docking.org/zinc22/zinc-22f/H11/H11P180/H11P180-M.f.smi.gz	705
zinc-22f-H11P190	f	11	190	https://files.docking.org/zinc22/zinc-22f/H11/H11P190/H11P190-M.f.smi.gz	914
zinc-22f-H11P200	f	11	200	https://files.docking.org/zinc22/zinc-22f/H11/H11P200/H11P200-M.f.smi.gz	487
zinc-22f-H11P210	f	11	210	https://files.docking.org/zinc22/zinc-22f/H11/H11P210/H11P210-M.f.smi.gz	643
zinc-22f-H11P220	f	11	220	https://files.docking.org/zinc22/zinc-22f/H11/H11P220/H11P220-M.f.smi.gz	450
zinc-22f-H11P230	f	11	230	https://files.docking.org/zinc22/zinc-22f/H11/H11P230/H11P230-M.f.smi.gz	608
zinc-22f-H11P240	f	11	240	https://files.docking.org/zinc22/zinc-22f/H11/H11P240/H11P240-M.f.smi.gz	384
zinc-22f-H11P250	f	11	250	https://files.docking.org/zinc22/zinc-22f/H11/H11P250/H11P250-M.f.smi.gz	263
zinc-22f-H11P260	f	11	260	https://files.docking.org/zinc22/zinc-22f/H11/H11P260/H11P260-M.f.smi.gz	111
zinc-22f-H11P270	f	11	270	https://files.docking.org/zinc22/zinc-22f/H11/H11P270/H11P270-M.f.smi.gz	162
zinc-22f-H11P280	f	11	280	https://files.docking.org/zinc22/zinc-22f/H11/H11P280/H11P280-M.f.smi.gz	141
zinc-22f-H11P290	f	11	290	https://files.docking.org/zinc22/zinc-22f/H11/H11P290/H11P290-M.f.smi.gz	52
zinc-22f-H11P310	f	11	310	https://files.docking.org/zinc22/zinc-22f/H11/H11P310/H11P310-M.f.smi.gz	52
zinc-22f-H11P320	f	11	320	https://files.docking.org/zinc22/zinc-22f/H11/H11P320/H11P320-M.f.smi.gz	74
zinc-22f-H11P330	f	11	330	https://files.docking.org/zinc22/zinc-22f/H11/H11P330/H11P330-M.f.smi.gz	73
zinc-22f-H11P350	f	11	350	https://files.docking.org/zinc22/zinc-22f/H11/H11P350/H11P350-M.f.smi.gz	52
zinc-22f-H12P000	f	12	0	https://files.docking.org/zinc22/zinc-22f/H12/H12P000/H12P000-M.f.smi.gz	2676
zinc-22f-H12P010	f	12	10	https://files.docking.org/zinc22/zinc-22f/H12/H12P010/H12P010-M.f.smi.gz	2421
zinc-22f-H12P020	f	12	20	https://files.docking.org/zinc22/zinc-22f/H12/H12P020/H12P020-M.f.smi.gz	2905
zinc-22f-H12P030	f	12	30	https://files.docking.org/zinc22/zinc-22f/H12/H12P030/H12P030-M.f.smi.gz	3602
zinc-22f-H12P040	f	12	40	https://files.docking.org/zinc22/zinc-22f/H12/H12P040/H12P040-M.f.smi.gz	3127
zinc-22f-H12P050	f	12	50	https://files.docking.org/zinc22/zinc-22f/H12/H12P050/H12P050-M.f.smi.gz	3236
zinc-22f-H12P060	f	12	60	https://files.docking.org/zinc22/zinc-22f/H12/H12P060/H12P060-M.f.smi.gz	3822
zinc-22f-H12P070	f	12	70	https://files.docking.org/zinc22/zinc-22f/H12/H12P070/H12P070-M.f.smi.gz	3869
zinc-22f-H12P080	f	12	80	https://files.docking.org/zinc22/zinc-22f/H12/H12P080/H12P080-M.f.smi.gz	3483
zinc-22f-H12P090	f	12	90	https://files.docking.org/zinc22/zinc-22f/H12/H12P090/H12P090-M.f.smi.gz	4199
zinc-22f-H12P100	f	12	100	https://files.docking.org/zinc22/zinc-22f/H12/H12P100/H12P100-M.f.smi.gz	3373
zinc-22f-H12P110	f	12	110	https://files.docking.org/zinc22/zinc-22f/H12/H12P110/H12P110-M.f.smi.gz	4813
zinc-22f-H12P120	f	12	120	https://files.docking.org/zinc22/zinc-22f/H12/H12P120/H12P120-M.f.smi.gz	3277
zinc-22f-H12P130	f	12	130	https://files.docking.org/zinc22/zinc-22f/H12/H12P130/H12P130-M.f.smi.gz	4100
zinc-22f-H12P140	f	12	140	https://files.docking.org/zinc22/zinc-22f/H12/H12P140/H12P140-M.f.smi.gz	3558
zinc-22f-H12P150	f	12	150	https://files.docking.org/zinc22/zinc-22f/H12/H12P150/H12P150-M.f.smi.gz	3384
zinc-22f-H12P160	f	12	160	https://files.docking.org/zinc22/zinc-22f/H12/H12P160/H12P160-M.f.smi.gz	3295
zinc-22f-H12P170	f	12	170	https://files.docking.org/zinc22/zinc-22f/H12/H12P170/H12P170-M.f.smi.gz	2823
zinc-22f-H12P180	f	12	180	https://files.docking.org/zinc22/zinc-22f/H12/H12P180/H12P180-M.f.smi.gz	3089
zinc-22f-H12P190	f	12	190	https://files.docking.org/zinc22/zinc-22f/H12/H12P190/H12P190-M.f.smi.gz	3062
zinc-22f-H12P200	f	12	200	https://files.docking.org/zinc22/zinc-22f/H12/H12P200/H12P200-M.f.smi.gz	2633
zinc-22f-H12P210	f	12	210	https://files.docking.org/zinc22/zinc-22f/H12/H12P210/H12P210-M.f.smi.gz	2112
zinc-22f-H12P220	f	12	220	https://files.docking.org/zinc22/zinc-22f/H12/H12P220/H12P220-M.f.smi.gz	1541
zinc-22f-H12P230	f	12	230	https://files.docking.org/zinc22/zinc-22f/H12/H12P230/H12P230-M.f.smi.gz	1730
zinc-22f-H12P240	f	12	240	https://files.docking.org/zinc22/zinc-22f/H12/H12P240/H12P240-M.f.smi.gz	1595
zinc-22f-H12P250	f	12	250	https://files.docking.org/zinc22/zinc-22f/H12/H12P250/H12P250-M.f.smi.gz	1345
zinc-22f-H12P260	f	12	260	https://files.docking.org/zinc22/zinc-22f/H12/H12P260/H12P260-M.f.smi.gz	1101
zinc-22f-H12P270	f	12	270	https://files.docking.org/zinc22/zinc-22f/H12/H12P270/H12P270-M.f.smi.gz	973
zinc-22f-H12P280	f	12	280	https://files.docking.org/zinc22/zinc-22f/H12/H12P280/H12P280-M.f.smi.gz	775
zinc-22f-H12P290	f	12	290	https://files.docking.org/zinc22/zinc-22f/H12/H12P290/H12P290-M.f.smi.gz	516
zinc-22f-H12P300	f	12	300	https://files.docking.org/zinc22/zinc-22f/H12/H12P300/H12P300-M.f.smi.gz	345
zinc-22f-H12P310	f	12	310	https://files.docking.org/zinc22/zinc-22f/H12/H12P310/H12P310-M.f.smi.gz	233
zinc-22f-H12P320	f	12	320	https://files.docking.org/zinc22/zinc-22f/H12/H12P320/H12P320-M.f.smi.gz	214
zinc-22f-H12P330	f	12	330	https://files.docking.org/zinc22/zinc-22f/H12/H12P330/H12P330-M.f.smi.gz	151
zinc-22f-H12P340	f	12	340	https://files.docking.org/zinc22/zinc-22f/H12/H12P340/H12P340-M.f.smi.gz	133
zinc-22f-H12P350	f	12	350	https://files.docking.org/zinc22/zinc-22f/H12/H12P350/H12P350-M.f.smi.gz	105
zinc-22f-H12P360	f	12	360	https://files.docking.org/zinc22/zinc-22f/H12/H12P360/H12P360-M.f.smi.gz	59
zinc-22f-H12P370	f	12	370	https://files.docking.org/zinc22/zinc-22f/H12/H12P370/H12P370-M.f.smi.gz	61
zinc-22f-H12P380	f	12	380	https://files.docking.org/zinc22/zinc-22f/H12/H12P380/H12P380-M.f.smi.gz	90
zinc-22f-H13P000	f	13	0	https://files.docking.org/zinc22/zinc-22f/H13/H13P000/H13P000-M.f.smi.gz	8697
zinc-22f-H13P010	f	13	10	https://files.docking.org/zinc22/zinc-22f/H13/H13P010/H13P010-M.f.smi.gz	11120
zinc-22f-H13P020	f	13	20	https://files.docking.org/zinc22/zinc-22f/H13/H13P020/H13P020-M.f.smi.gz	11194
zinc-22f-H13P030	f	13	30	https://files.docking.org/zinc22/zinc-22f/H13/H13P030/H13P030-M.f.smi.gz	12847
zinc-22f-H13P040	f	13	40	https://files.docking.org/zinc22/zinc-22f/H13/H13P040/H13P040-M.f.smi.gz	12428
zinc-22f-H13P050	f	13	50	https://files.docking.org/zinc22/zinc-22f/H13/H13P050/H13P050-M.f.smi.gz	12149
zinc-22f-H13P060	f	13	60	https://files.docking.org/zinc22/zinc-22f/H13/H13P060/H13P060-M.f.smi.gz	13621
zinc-22f-H13P070	f	13	70	https://files.docking.org/zinc22/zinc-22f/H13/H13P070/H13P070-M.f.smi.gz	15245
zinc-22f-H13P080	f	13	80	https://files.docking.org/zinc22/zinc-22f/H13/H13P080/H13P080-M.f.smi.gz	13021
zinc-22f-H13P090	f	13	90	https://files.docking.org/zinc22/zinc-22f/H13/H13P090/H13P090-M.f.smi.gz	14054
zinc-22f-H13P100	f	13	100	https://files.docking.org/zinc22/zinc-22f/H13/H13P100/H13P100-M.f.smi.gz	14572
zinc-22f-H13P110	f	13	110	https://files.docking.org/zinc22/zinc-22f/H13/H13P110/H13P110-M.f.smi.gz	16084
zinc-22f-H13P120	f	13	120	https://files.docking.org/zinc22/zinc-22f/H13/H13P120/H13P120-M.f.smi.gz	13509
zinc-22f-H13P130	f	13	130	https://files.docking.org/zinc22/zinc-22f/H13/H13P130/H13P130-M.f.smi.gz	15019
zinc-22f-H13P140	f	13	140	https://files.docking.org/zinc22/zinc-22f/H13/H13P140/H13P140-M.f.smi.gz	12361
zinc-22f-H13P150	f	13	150	https://files.docking.org/zinc22/zinc-22f/H13/H13P150/H13P150-M.f.smi.gz	14523
zinc-22f-H13P160	f	13	160	https://files.docking.org/zinc22/zinc-22f/H13/H13P160/H13P160-M.f.smi.gz	12532
zinc-22f-H13P170	f	13	170	https://files.docking.org/zinc22/zinc-22f/H13/H13P170/H13P170-M.f.smi.gz	12649
zinc-22f-H13P180	f	13	180	https://files.docking.org/zinc22/zinc-22f/H13/H13P180/H13P180-M.f.smi.gz	10443
zinc-22f-H13P190	f	13	190	https://files.docking.org/zinc22/zinc-22f/H13/H13P190/H13P190-M.f.smi.gz	9841
zinc-22f-H13P200	f	13	200	https://files.docking.org/zinc22/zinc-22f/H13/H13P200/H13P200-M.f.smi.gz	8866
zinc-22f-H13P210	f	13	210	https://files.docking.org/zinc22/zinc-22f/H13/H13P210/H13P210-M.f.smi.gz	8069
zinc-22f-H13P220	f	13	220	https://files.docking.org/zinc22/zinc-22f/H13/H13P220/H13P220-M.f.smi.gz	6945
zinc-22f-H13P230	f	13	230	https://files.docking.org/zinc22/zinc-22f/H13/H13P230/H13P230-M.f.smi.gz	6816
zinc-22f-H13P240	f	13	240	https://files.docking.org/zinc22/zinc-22f/H13/H13P240/H13P240-M.f.smi.gz	6062
zinc-22f-H13P250	f	13	250	https://files.docking.org/zinc22/zinc-22f/H13/H13P250/H13P250-M.f.smi.gz	4256
zinc-22f-H13P260	f	13	260	https://files.docking.org/zinc22/zinc-22f/H13/H13P260/H13P260-M.f.smi.gz	3997
zinc-22f-H13P270	f	13	270	https://files.docking.org/zinc22/zinc-22f/H13/H13P270/H13P270-M.f.smi.gz	3302
zinc-22f-H13P280	f	13	280	https://files.docking.org/zinc22/zinc-22f/H13/H13P280/H13P280-M.f.smi.gz	2333
zinc-22f-H13P290	f	13	290	https://files.docking.org/zinc22/zinc-22f/H13/H13P290/H13P290-M.f.smi.gz	1843
zinc-22f-H13P300	f	13	300	https://files.docking.org/zinc22/zinc-22f/H13/H13P300/H13P300-M.f.smi.gz	1357
zinc-22f-H13P310	f	13	310	https://files.docking.org/zinc22/zinc-22f/H13/H13P310/H13P310-M.f.smi.gz	2031
zinc-22f-H13P320	f	13	320	https://files.docking.org/zinc22/zinc-22f/H13/H13P320/H13P320-M.f.smi.gz	1550
zinc-22f-H13P330	f	13	330	https://files.docking.org/zinc22/zinc-22f/H13/H13P330/H13P330-M.f.smi.gz	858
zinc-22f-H13P340	f	13	340	https://files.docking.org/zinc22/zinc-22f/H13/H13P340/H13P340-M.f.smi.gz	568
zinc-22f-H13P350	f	13	350	https://files.docking.org/zinc22/zinc-22f/H13/H13P350/H13P350-M.f.smi.gz	446
zinc-22f-H13P360	f	13	360	https://files.docking.org/zinc22/zinc-22f/H13/H13P360/H13P360-M.f.smi.gz	543
zinc-22f-H13P370	f	13	370	https://files.docking.org/zinc22/zinc-22f/H13/H13P370/H13P370-M.f.smi.gz	231
zinc-22f-H13P380	f	13	380	https://files.docking.org/zinc22/zinc-22f/H13/H13P380/H13P380-M.f.smi.gz	482
zinc-22f-H13P390	f	13	390	https://files.docking.org/zinc22/zinc-22f/H13/H13P390/H13P390-M.f.smi.gz	226
zinc-22f-H13P400	f	13	400	https://files.docking.org/zinc22/zinc-22f/H13/H13P400/H13P400-M.f.smi.gz	210
zinc-22f-H13P410	f	13	410	https://files.docking.org/zinc22/zinc-22f/H13/H13P410/H13P410-M.f.smi.gz	128
zinc-22f-H13P430	f	13	430	https://files.docking.org/zinc22/zinc-22f/H13/H13P430/H13P430-M.f.smi.gz	102
zinc-22f-H13P440	f	13	440	https://files.docking.org/zinc22/zinc-22f/H13/H13P440/H13P440-M.f.smi.gz	128
zinc-22f-H14P000	f	14	0	https://files.docking.org/zinc22/zinc-22f/H14/H14P000/H14P000-M.f.smi.gz	27713
zinc-22f-H14P010	f	14	10	https://files.docking.org/zinc22/zinc-22f/H14/H14P010/H14P010-M.f.smi.gz	33657
zinc-22f-H14P020	f	14	20	https://files.docking.org/zinc22/zinc-22f/H14/H14P020/H14P020-M.f.smi.gz	31076
zinc-22f-H14P030	f	14	30	https://files.docking.org/zinc22/zinc-22f/H14/H14P030/H14P030-M.f.smi.gz	36033
zinc-22f-H14P040	f	14	40	https://files.docking.org/zinc22/zinc-22f/H14/H14P040/H14P040-M.f.smi.gz	37718
zinc-22f-H14P050	f	14	50	https://files.docking.org/zinc22/zinc-22f/H14/H14P050/H14P050-M.f.smi.gz	41236
zinc-22f-H14P060	f	14	60	https://files.docking.org/zinc22/zinc-22f/H14/H14P060/H14P060-M.f.smi.gz	39469
zinc-22f-H14P070	f	14	70	https://files.docking.org/zinc22/zinc-22f/H14/H14P070/H14P070-M.f.smi.gz	43679
zinc-22f-H14P080	f	14	80	https://files.docking.org/zinc22/zinc-22f/H14/H14P080/H14P080-M.f.smi.gz	41247
zinc-22f-H14P090	f	14	90	https://files.docking.org/zinc22/zinc-22f/H14/H14P090/H14P090-M.f.smi.gz	41402
zinc-22f-H14P100	f	14	100	https://files.docking.org/zinc22/zinc-22f/H14/H14P100/H14P100-M.f.smi.gz	41168
zinc-22f-H14P110	f	14	110	https://files.docking.org/zinc22/zinc-22f/H14/H14P110/H14P110-M.f.smi.gz	42917
zinc-22f-H14P120	f	14	120	https://files.docking.org/zinc22/zinc-22f/H14/H14P120/H14P120-M.f.smi.gz	40182
zinc-22f-H14P130	f	14	130	https://files.docking.org/zinc22/zinc-22f/H14/H14P130/H14P130-M.f.smi.gz	40771
zinc-22f-H14P140	f	14	140	https://files.docking.org/zinc22/zinc-22f/H14/H14P140/H14P140-M.f.smi.gz	40088
zinc-22f-H14P150	f	14	150	https://files.docking.org/zinc22/zinc-22f/H14/H14P150/H14P150-M.f.smi.gz	40752
zinc-22f-H14P160	f	14	160	https://files.docking.org/zinc22/zinc-22f/H14/H14P160/H14P160-M.f.smi.gz	39841
zinc-22f-H14P170	f	14	170	https://files.docking.org/zinc22/zinc-22f/H14/H14P170/H14P170-M.f.smi.gz	34266
zinc-22f-H14P180	f	14	180	https://files.docking.org/zinc22/zinc-22f/H14/H14P180/H14P180-M.f.smi.gz	33290
zinc-22f-H14P190	f	14	190	https://files.docking.org/zinc22/zinc-22f/H14/H14P190/H14P190-M.f.smi.gz	36520
zinc-22f-H14P200	f	14	200	https://files.docking.org/zinc22/zinc-22f/H14/H14P200/H14P200-M.f.smi.gz	22135
zinc-22f-H14P210	f	14	210	https://files.docking.org/zinc22/zinc-22f/H14/H14P210/H14P210-M.f.smi.gz	27524
zinc-22f-H14P220	f	14	220	https://files.docking.org/zinc22/zinc-22f/H14/H14P220/H14P220-M.f.smi.gz	20831
zinc-22f-H14P230	f	14	230	https://files.docking.org/zinc22/zinc-22f/H14/H14P230/H14P230-M.f.smi.gz	15921
zinc-22f-H14P240	f	14	240	https://files.docking.org/zinc22/zinc-22f/H14/H14P240/H14P240-M.f.smi.gz	17986
zinc-22f-H14P250	f	14	250	https://files.docking.org/zinc22/zinc-22f/H14/H14P250/H14P250-M.f.smi.gz	14854
zinc-22f-H14P260	f	14	260	https://files.docking.org/zinc22/zinc-22f/H14/H14P260/H14P260-M.f.smi.gz	11483
zinc-22f-H14P270	f	14	270	https://files.docking.org/zinc22/zinc-22f/H14/H14P270/H14P270-M.f.smi.gz	11697
zinc-22f-H14P280	f	14	280	https://files.docking.org/zinc22/zinc-22f/H14/H14P280/H14P280-M.f.smi.gz	12420
zinc-22f-H14P290	f	14	290	https://files.docking.org/zinc22/zinc-22f/H14/H14P290/H14P290-M.f.smi.gz	8545
zinc-22f-H14P300	f	14	300	https://files.docking.org/zinc22/zinc-22f/H14/H14P300/H14P300-M.f.smi.gz	8535
zinc-22f-H14P310	f	14	310	https://files.docking.org/zinc22/zinc-22f/H14/H14P310/H14P310-M.f.smi.gz	6691
zinc-22f-H14P320	f	14	320	https://files.docking.org/zinc22/zinc-22f/H14/H14P320/H14P320-M.f.smi.gz	5420
zinc-22f-H14P330	f	14	330	https://files.docking.org/zinc22/zinc-22f/H14/H14P330/H14P330-M.f.smi.gz	3772
zinc-22f-H14P340	f	14	340	https://files.docking.org/zinc22/zinc-22f/H14/H14P340/H14P340-M.f.smi.gz	3727
zinc-22f-H14P350	f	14	350	https://files.docking.org/zinc22/zinc-22f/H14/H14P350/H14P350-M.f.smi.gz	2738
zinc-22f-H14P360	f	14	360	https://files.docking.org/zinc22/zinc-22f/H14/H14P360/H14P360-M.f.smi.gz	1991
zinc-22f-H14P370	f	14	370	https://files.docking.org/zinc22/zinc-22f/H14/H14P370/H14P370-M.f.smi.gz	1214
zinc-22f-H14P380	f	14	380	https://files.docking.org/zinc22/zinc-22f/H14/H14P380/H14P380-M.f.smi.gz	1159
zinc-22f-H14P390	f	14	390	https://files.docking.org/zinc22/zinc-22f/H14/H14P390/H14P390-M.f.smi.gz	1274
zinc-22f-H14P400	f	14	400	https://files.docking.org/zinc22/zinc-22f/H14/H14P400/H14P400-M.f.smi.gz	713
zinc-22f-H14P410	f	14	410	https://files.docking.org/zinc22/zinc-22f/H14/H14P410/H14P410-M.f.smi.gz	570
zinc-22f-H14P420	f	14	420	https://files.docking.org/zinc22/zinc-22f/H14/H14P420/H14P420-M.f.smi.gz	389
zinc-22f-H14P430	f	14	430	https://files.docking.org/zinc22/zinc-22f/H14/H14P430/H14P430-M.f.smi.gz	209
zinc-22f-H14P440	f	14	440	https://files.docking.org/zinc22/zinc-22f/H14/H14P440/H14P440-M.f.smi.gz	227
zinc-22f-H14P450	f	14	450	https://files.docking.org/zinc22/zinc-22f/H14/H14P450/H14P450-M.f.smi.gz	342
zinc-22f-H14P470	f	14	470	https://files.docking.org/zinc22/zinc-22f/H14/H14P470/H14P470-M.f.smi.gz	53
zinc-22f-H14P500	f	14	500	https://files.docking.org/zinc22/zinc-22f/H14/H14P500/H14P500-M.f.smi.gz	141
zinc-22f-H15P000	f	15	0	https://files.docking.org/zinc22/zinc-22f/H15/H15P000/H15P000-M.f.smi.gz	30064
zinc-22f-H15P010	f	15	10	https://files.docking.org/zinc22/zinc-22f/H15/H15P010/H15P010-M.f.smi.gz	28412
zinc-22f-H15P020	f	15	20	https://files.docking.org/zinc22/zinc-22f/H15/H15P020/H15P020-M.f.smi.gz	32141
zinc-22f-H15P030	f	15	30	https://files.docking.org/zinc22/zinc-22f/H15/H15P030/H15P030-M.f.smi.gz	34164
zinc-22f-H15P040	f	15	40	https://files.docking.org/zinc22/zinc-22f/H15/H15P040/H15P040-M.f.smi.gz	30860
zinc-22f-H15P050	f	15	50	https://files.docking.org/zinc22/zinc-22f/H15/H15P050/H15P050-M.f.smi.gz	37160
zinc-22f-H15P060	f	15	60	https://files.docking.org/zinc22/zinc-22f/H15/H15P060/H15P060-M.f.smi.gz	34474
zinc-22f-H15P070	f	15	70	https://files.docking.org/zinc22/zinc-22f/H15/H15P070/H15P070-M.f.smi.gz	36815
zinc-22f-H15P080	f	15	80	https://files.docking.org/zinc22/zinc-22f/H15/H15P080/H15P080-M.f.smi.gz	38640
zinc-22f-H15P090	f	15	90	https://files.docking.org/zinc22/zinc-22f/H15/H15P090/H15P090-M.f.smi.gz	39756
zinc-22f-H15P100	f	15	100	https://files.docking.org/zinc22/zinc-22f/H15/H15P100/H15P100-M.f.smi.gz	36083
zinc-22f-H15P110	f	15	110	https://files.docking.org/zinc22/zinc-22f/H15/H15P110/H15P110-M.f.smi.gz	40610
zinc-22f-H15P120	f	15	120	https://files.docking.org/zinc22/zinc-22f/H15/H15P120/H15P120-M.f.smi.gz	38481
zinc-22f-H15P130	f	15	130	https://files.docking.org/zinc22/zinc-22f/H15/H15P130/H15P130-M.f.smi.gz	41789
zinc-22f-H15P140	f	15	140	https://files.docking.org/zinc22/zinc-22f/H15/H15P140/H15P140-M.f.smi.gz	39080
zinc-22f-H15P150	f	15	150	https://files.docking.org/zinc22/zinc-22f/H15/H15P150/H15P150-M.f.smi.gz	36285
zinc-22f-H15P160	f	15	160	https://files.docking.org/zinc22/zinc-22f/H15/H15P160/H15P160-M.f.smi.gz	39593
zinc-22f-H15P170	f	15	170	https://files.docking.org/zinc22/zinc-22f/H15/H15P170/H15P170-M.f.smi.gz	33918
zinc-22f-H15P180	f	15	180	https://files.docking.org/zinc22/zinc-22f/H15/H15P180/H15P180-M.f.smi.gz	34452
zinc-22f-H15P190	f	15	190	https://files.docking.org/zinc22/zinc-22f/H15/H15P190/H15P190-M.f.smi.gz	36710
zinc-22f-H15P200	f	15	200	https://files.docking.org/zinc22/zinc-22f/H15/H15P200/H15P200-M.f.smi.gz	24484
zinc-22f-H15P210	f	15	210	https://files.docking.org/zinc22/zinc-22f/H15/H15P210/H15P210-M.f.smi.gz	24594
zinc-22f-H15P220	f	15	220	https://files.docking.org/zinc22/zinc-22f/H15/H15P220/H15P220-M.f.smi.gz	17806
zinc-22f-H15P230	f	15	230	https://files.docking.org/zinc22/zinc-22f/H15/H15P230/H15P230-M.f.smi.gz	23645
zinc-22f-H15P240	f	15	240	https://files.docking.org/zinc22/zinc-22f/H15/H15P240/H15P240-M.f.smi.gz	15796
zinc-22f-H15P250	f	15	250	https://files.docking.org/zinc22/zinc-22f/H15/H15P250/H15P250-M.f.smi.gz	22965
zinc-22f-H15P260	f	15	260	https://files.docking.org/zinc22/zinc-22f/H15/H15P260/H15P260-M.f.smi.gz	21698
zinc-22f-H15P270	f	15	270	https://files.docking.org/zinc22/zinc-22f/H15/H15P270/H15P270-M.f.smi.gz	18555
zinc-22f-H15P280	f	15	280	https://files.docking.org/zinc22/zinc-22f/H15/H15P280/H15P280-M.f.smi.gz	16413
zinc-22f-H15P290	f	15	290	https://files.docking.org/zinc22/zinc-22f/H15/H15P290/H15P290-M.f.smi.gz	14119
zinc-22f-H15P300	f	15	300	https://files.docking.org/zinc22/zinc-22f/H15/H15P300/H15P300-M.f.smi.gz	12574
zinc-22f-H15P310	f	15	310	https://files.docking.org/zinc22/zinc-22f/H15/H15P310/H15P310-M.f.smi.gz	12365
zinc-22f-H15P320	f	15	320	https://files.docking.org/zinc22/zinc-22f/H15/H15P320/H15P320-M.f.smi.gz	10450
zinc-22f-H15P330	f	15	330	https://files.docking.org/zinc22/zinc-22f/H15/H15P330/H15P330-M.f.smi.gz	6864
zinc-22f-H15P340	f	15	340	https://files.docking.org/zinc22/zinc-22f/H15/H15P340/H15P340-M.f.smi.gz	7982
zinc-22f-H15P350	f	15	350	https://files.docking.org/zinc22/zinc-22f/H15/H15P350/H15P350-M.f.smi.gz	5528
zinc-22f-H15P360	f	15	360	https://files.docking.org/zinc22/zinc-22f/H15/H15P360/H15P360-M.f.smi.gz	5253
zinc-22f-H15P370	f	15	370	https://files.docking.org/zinc22/zinc-22f/H15/H15P370/H15P370-M.f.smi.gz	3765
zinc-22f-H15P380	f	15	380	https://files.docking.org/zinc22/zinc-22f/H15/H15P380/H15P380-M.f.smi.gz	2612
zinc-22f-H15P390	f	15	390	https://files.docking.org/zinc22/zinc-22f/H15/H15P390/H15P390-M.f.smi.gz	2724
zinc-22f-H15P400	f	15	400	https://files.docking.org/zinc22/zinc-22f/H15/H15P400/H15P400-M.f.smi.gz	1882
zinc-22f-H15P410	f	15	410	https://files.docking.org/zinc22/zinc-22f/H15/H15P410/H15P410-M.f.smi.gz	1517
zinc-22f-H15P420	f	15	420	https://files.docking.org/zinc22/zinc-22f/H15/H15P420/H15P420-M.f.smi.gz	1243
zinc-22f-H15P430	f	15	430	https://files.docking.org/zinc22/zinc-22f/H15/H15P430/H15P430-M.f.smi.gz	894
zinc-22f-H15P440	f	15	440	https://files.docking.org/zinc22/zinc-22f/H15/H15P440/H15P440-M.f.smi.gz	714
zinc-22f-H15P450	f	15	450	https://files.docking.org/zinc22/zinc-22f/H15/H15P450/H15P450-M.f.smi.gz	555
zinc-22f-H15P460	f	15	460	https://files.docking.org/zinc22/zinc-22f/H15/H15P460/H15P460-M.f.smi.gz	502
zinc-22f-H15P470	f	15	470	https://files.docking.org/zinc22/zinc-22f/H15/H15P470/H15P470-M.f.smi.gz	451
zinc-22f-H15P480	f	15	480	https://files.docking.org/zinc22/zinc-22f/H15/H15P480/H15P480-M.f.smi.gz	284
zinc-22f-H15P490	f	15	490	https://files.docking.org/zinc22/zinc-22f/H15/H15P490/H15P490-M.f.smi.gz	211
zinc-22f-H15P500	f	15	500	https://files.docking.org/zinc22/zinc-22f/H15/H15P500/H15P500-M.f.smi.gz	446
zinc-22f-H16P000	f	16	0	https://files.docking.org/zinc22/zinc-22f/H16/H16P000/H16P000-M.f.smi.gz	75385
zinc-22f-H16P010	f	16	10	https://files.docking.org/zinc22/zinc-22f/H16/H16P010/H16P010-M.f.smi.gz	75155
zinc-22f-H16P020	f	16	20	https://files.docking.org/zinc22/zinc-22f/H16/H16P020/H16P020-M.f.smi.gz	85709
zinc-22f-H16P030	f	16	30	https://files.docking.org/zinc22/zinc-22f/H16/H16P030/H16P030-M.f.smi.gz	91781
zinc-22f-H16P040	f	16	40	https://files.docking.org/zinc22/zinc-22f/H16/H16P040/H16P040-M.f.smi.gz	85774
zinc-22f-H16P050	f	16	50	https://files.docking.org/zinc22/zinc-22f/H16/H16P050/H16P050-M.f.smi.gz	93029
zinc-22f-H16P060	f	16	60	https://files.docking.org/zinc22/zinc-22f/H16/H16P060/H16P060-M.f.smi.gz	91821
zinc-22f-H16P070	f	16	70	https://files.docking.org/zinc22/zinc-22f/H16/H16P070/H16P070-M.f.smi.gz	95988
zinc-22f-H16P080	f	16	80	https://files.docking.org/zinc22/zinc-22f/H16/H16P080/H16P080-M.f.smi.gz	95343
zinc-22f-H16P090	f	16	90	https://files.docking.org/zinc22/zinc-22f/H16/H16P090/H16P090-M.f.smi.gz	99835
zinc-22f-H16P100	f	16	100	https://files.docking.org/zinc22/zinc-22f/H16/H16P100/H16P100-M.f.smi.gz	91489
zinc-22f-H16P110	f	16	110	https://files.docking.org/zinc22/zinc-22f/H16/H16P110/H16P110-M.f.smi.gz	101814
zinc-22f-H16P120	f	16	120	https://files.docking.org/zinc22/zinc-22f/H16/H16P120/H16P120-M.f.smi.gz	102328
zinc-22f-H16P130	f	16	130	https://files.docking.org/zinc22/zinc-22f/H16/H16P130/H16P130-M.f.smi.gz	104639
zinc-22f-H16P140	f	16	140	https://files.docking.org/zinc22/zinc-22f/H16/H16P140/H16P140-M.f.smi.gz	104382
zinc-22f-H16P150	f	16	150	https://files.docking.org/zinc22/zinc-22f/H16/H16P150/H16P150-M.f.smi.gz	90209
zinc-22f-H16P160	f	16	160	https://files.docking.org/zinc22/zinc-22f/H16/H16P160/H16P160-M.f.smi.gz	96292
zinc-22f-H16P170	f	16	170	https://files.docking.org/zinc22/zinc-22f/H16/H16P170/H16P170-M.f.smi.gz	96540
zinc-22f-H16P180	f	16	180	https://files.docking.org/zinc22/zinc-22f/H16/H16P180/H16P180-M.f.smi.gz	89167
zinc-22f-H16P190	f	16	190	https://files.docking.org/zinc22/zinc-22f/H16/H16P190/H16P190-M.f.smi.gz	84364
zinc-22f-H16P200	f	16	200	https://files.docking.org/zinc22/zinc-22f/H16/H16P200/H16P200-M.f.smi.gz	82612
zinc-22f-H16P210	f	16	210	https://files.docking.org/zinc22/zinc-22f/H16/H16P210/H16P210-M.f.smi.gz	75776
zinc-22f-H16P220	f	16	220	https://files.docking.org/zinc22/zinc-22f/H16/H16P220/H16P220-M.f.smi.gz	71810
zinc-22f-H16P230	f	16	230	https://files.docking.org/zinc22/zinc-22f/H16/H16P230/H16P230-M.f.smi.gz	72024
zinc-22f-H16P240	f	16	240	https://files.docking.org/zinc22/zinc-22f/H16/H16P240/H16P240-M.f.smi.gz	59480
zinc-22f-H16P250	f	16	250	https://files.docking.org/zinc22/zinc-22f/H16/H16P250/H16P250-M.f.smi.gz	61758
zinc-22f-H16P260	f	16	260	https://files.docking.org/zinc22/zinc-22f/H16/H16P260/H16P260-M.f.smi.gz	57583
zinc-22f-H16P270	f	16	270	https://files.docking.org/zinc22/zinc-22f/H16/H16P270/H16P270-M.f.smi.gz	51886
zinc-22f-H16P280	f	16	280	https://files.docking.org/zinc22/zinc-22f/H16/H16P280/H16P280-M.f.smi.gz	42049
zinc-22f-H16P290	f	16	290	https://files.docking.org/zinc22/zinc-22f/H16/H16P290/H16P290-M.f.smi.gz	39775
zinc-22f-H16P300	f	16	300	https://files.docking.org/zinc22/zinc-22f/H16/H16P300/H16P300-M.f.smi.gz	37192
zinc-22f-H16P310	f	16	310	https://files.docking.org/zinc22/zinc-22f/H16/H16P310/H16P310-M.f.smi.gz	31341
zinc-22f-H16P320	f	16	320	https://files.docking.org/zinc22/zinc-22f/H16/H16P320/H16P320-M.f.smi.gz	28661
zinc-22f-H16P330	f	16	330	https://files.docking.org/zinc22/zinc-22f/H16/H16P330/H16P330-M.f.smi.gz	22982
zinc-22f-H16P340	f	16	340	https://files.docking.org/zinc22/zinc-22f/H16/H16P340/H16P340-M.f.smi.gz	20478
zinc-22f-H16P350	f	16	350	https://files.docking.org/zinc22/zinc-22f/H16/H16P350/H16P350-M.f.smi.gz	20470
zinc-22f-H16P360	f	16	360	https://files.docking.org/zinc22/zinc-22f/H16/H16P360/H16P360-M.f.smi.gz	15959
zinc-22f-H16P370	f	16	370	https://files.docking.org/zinc22/zinc-22f/H16/H16P370/H16P370-M.f.smi.gz	12538
zinc-22f-H16P380	f	16	380	https://files.docking.org/zinc22/zinc-22f/H16/H16P380/H16P380-M.f.smi.gz	10513
zinc-22f-H16P390	f	16	390	https://files.docking.org/zinc22/zinc-22f/H16/H16P390/H16P390-M.f.smi.gz	10298
zinc-22f-H16P400	f	16	400	https://files.docking.org/zinc22/zinc-22f/H16/H16P400/H16P400-M.f.smi.gz	7133
zinc-22f-H16P410	f	16	410	https://files.docking.org/zinc22/zinc-22f/H16/H16P410/H16P410-M.f.smi.gz	5607
zinc-22f-H16P420	f	16	420	https://files.docking.org/zinc22/zinc-22f/H16/H16P420/H16P420-M.f.smi.gz	3346
zinc-22f-H16P430	f	16	430	https://files.docking.org/zinc22/zinc-22f/H16/H16P430/H16P430-M.f.smi.gz	3354
zinc-22f-H16P440	f	16	440	https://files.docking.org/zinc22/zinc-22f/H16/H16P440/H16P440-M.f.smi.gz	1903
zinc-22f-H16P450	f	16	450	https://files.docking.org/zinc22/zinc-22f/H16/H16P450/H16P450-M.f.smi.gz	1548
zinc-22f-H16P460	f	16	460	https://files.docking.org/zinc22/zinc-22f/H16/H16P460/H16P460-M.f.smi.gz	1466
zinc-22f-H16P470	f	16	470	https://files.docking.org/zinc22/zinc-22f/H16/H16P470/H16P470-M.f.smi.gz	1317
zinc-22f-H16P480	f	16	480	https://files.docking.org/zinc22/zinc-22f/H16/H16P480/H16P480-M.f.smi.gz	754
zinc-22f-H16P490	f	16	490	https://files.docking.org/zinc22/zinc-22f/H16/H16P490/H16P490-M.f.smi.gz	706
zinc-22f-H16P500	f	16	500	https://files.docking.org/zinc22/zinc-22f/H16/H16P500/H16P500-M.f.smi.gz	1160
zinc-22f-H16P600	f	16	600	https://files.docking.org/zinc22/zinc-22f/H16/H16P600/H16P600-M.f.smi.gz	114
zinc-22f-H17P000	f	17	0	https://files.docking.org/zinc22/zinc-22f/H17/H17P000/H17P000-M.f.smi.gz	163277
zinc-22f-H17P010	f	17	10	https://files.docking.org/zinc22/zinc-22f/H17/H17P010/H17P010-M.f.smi.gz	185915
zinc-22f-H17P020	f	17	20	https://files.docking.org/zinc22/zinc-22f/H17/H17P020/H17P020-M.f.smi.gz	186104
zinc-22f-H17P030	f	17	30	https://files.docking.org/zinc22/zinc-22f/H17/H17P030/H17P030-M.f.smi.gz	227670
zinc-22f-H17P040	f	17	40	https://files.docking.org/zinc22/zinc-22f/H17/H17P040/H17P040-M.f.smi.gz	229635
zinc-22f-H17P050	f	17	50	https://files.docking.org/zinc22/zinc-22f/H17/H17P050/H17P050-M.f.smi.gz	220413
zinc-22f-H17P060	f	17	60	https://files.docking.org/zinc22/zinc-22f/H17/H17P060/H17P060-M.f.smi.gz	244808
zinc-22f-H17P070	f	17	70	https://files.docking.org/zinc22/zinc-22f/H17/H17P070/H17P070-M.f.smi.gz	278706
zinc-22f-H17P080	f	17	80	https://files.docking.org/zinc22/zinc-22f/H17/H17P080/H17P080-M.f.smi.gz	269066
zinc-22f-H17P090	f	17	90	https://files.docking.org/zinc22/zinc-22f/H17/H17P090/H17P090-M.f.smi.gz	255419
zinc-22f-H17P100	f	17	100	https://files.docking.org/zinc22/zinc-22f/H17/H17P100/H17P100-M.f.smi.gz	258053
zinc-22f-H17P110	f	17	110	https://files.docking.org/zinc22/zinc-22f/H17/H17P110/H17P110-M.f.smi.gz	261869
zinc-22f-H17P120	f	17	120	https://files.docking.org/zinc22/zinc-22f/H17/H17P120/H17P120-M.f.smi.gz	246597
zinc-22f-H17P130	f	17	130	https://files.docking.org/zinc22/zinc-22f/H17/H17P130/H17P130-M.f.smi.gz	242223
zinc-22f-H17P140	f	17	140	https://files.docking.org/zinc22/zinc-22f/H17/H17P140/H17P140-M.f.smi.gz	236367
zinc-22f-H17P150	f	17	150	https://files.docking.org/zinc22/zinc-22f/H17/H17P150/H17P150-M.f.smi.gz	234731
zinc-22f-H17P160	f	17	160	https://files.docking.org/zinc22/zinc-22f/H17/H17P160/H17P160-M.f.smi.gz	211879
zinc-22f-H17P170	f	17	170	https://files.docking.org/zinc22/zinc-22f/H17/H17P170/H17P170-M.f.smi.gz	260409
zinc-22f-H17P180	f	17	180	https://files.docking.org/zinc22/zinc-22f/H17/H17P180/H17P180-M.f.smi.gz	232138
zinc-22f-H17P190	f	17	190	https://files.docking.org/zinc22/zinc-22f/H17/H17P190/H17P190-M.f.smi.gz	223151
zinc-22f-H17P200	f	17	200	https://files.docking.org/zinc22/zinc-22f/H17/H17P200/H17P200-M.f.smi.gz	209022
zinc-22f-H17P210	f	17	210	https://files.docking.org/zinc22/zinc-22f/H17/H17P210/H17P210-M.f.smi.gz	209443
zinc-22f-H17P220	f	17	220	https://files.docking.org/zinc22/zinc-22f/H17/H17P220/H17P220-M.f.smi.gz	187541
zinc-22f-H17P230	f	17	230	https://files.docking.org/zinc22/zinc-22f/H17/H17P230/H17P230-M.f.smi.gz	176584
zinc-22f-H17P240	f	17	240	https://files.docking.org/zinc22/zinc-22f/H17/H17P240/H17P240-M.f.smi.gz	161910
zinc-22f-H17P250	f	17	250	https://files.docking.org/zinc22/zinc-22f/H17/H17P250/H17P250-M.f.smi.gz	150865
zinc-22f-H17P260	f	17	260	https://files.docking.org/zinc22/zinc-22f/H17/H17P260/H17P260-M.f.smi.gz	152241
zinc-22f-H17P270	f	17	270	https://files.docking.org/zinc22/zinc-22f/H17/H17P270/H17P270-M.f.smi.gz	98681
zinc-22f-H17P280	f	17	280	https://files.docking.org/zinc22/zinc-22f/H17/H17P280/H17P280-M.f.smi.gz	94712
zinc-22f-H17P290	f	17	290	https://files.docking.org/zinc22/zinc-22f/H17/H17P290/H17P290-M.f.smi.gz	94377
zinc-22f-H17P300	f	17	300	https://files.docking.org/zinc22/zinc-22f/H17/H17P300/H17P300-M.f.smi.gz	65407
zinc-22f-H17P310	f	17	310	https://files.docking.org/zinc22/zinc-22f/H17/H17P310/H17P310-M.f.smi.gz	83910
zinc-22f-H17P320	f	17	320	https://files.docking.org/zinc22/zinc-22f/H17/H17P320/H17P320-M.f.smi.gz	50369
zinc-22f-H17P330	f	17	330	https://files.docking.org/zinc22/zinc-22f/H17/H17P330/H17P330-M.f.smi.gz	66364
zinc-22f-H17P340	f	17	340	https://files.docking.org/zinc22/zinc-22f/H17/H17P340/H17P340-M.f.smi.gz	62986
zinc-22f-H17P350	f	17	350	https://files.docking.org/zinc22/zinc-22f/H17/H17P350/H17P350-M.f.smi.gz	53054
zinc-22f-H17P360	f	17	360	https://files.docking.org/zinc22/zinc-22f/H17/H17P360/H17P360-M.f.smi.gz	43022
zinc-22f-H17P370	f	17	370	https://files.docking.org/zinc22/zinc-22f/H17/H17P370/H17P370-M.f.smi.gz	37043
zinc-22f-H17P380	f	17	380	https://files.docking.org/zinc22/zinc-22f/H17/H17P380/H17P380-M.f.smi.gz	34070
zinc-22f-H17P390	f	17	390	https://files.docking.org/zinc22/zinc-22f/H17/H17P390/H17P390-M.f.smi.gz	28576
zinc-22f-H17P400	f	17	400	https://files.docking.org/zinc22/zinc-22f/H17/H17P400/H17P400-M.f.smi.gz	22360
zinc-22f-H17P410	f	17	410	https://files.docking.org/zinc22/zinc-22f/H17/H17P410/H17P410-M.f.smi.gz	18642
zinc-22f-H17P420	f	17	420	https://files.docking.org/zinc22/zinc-22f/H17/H17P420/H17P420-M.f.smi.gz	16443
zinc-22f-H17P430	f	17	430	https://files.docking.org/zinc22/zinc-22f/H17/H17P430/H17P430-M.f.smi.gz	13540
zinc-22f-H17P440	f	17	440	https://files.docking.org/zinc22/zinc-22f/H17/H17P440/H17P440-M.f.smi.gz	10236
zinc-22f-H17P450	f	17	450	https://files.docking.org/zinc22/zinc-22f/H17/H17P450/H17P450-M.f.smi.gz	8244
zinc-22f-H17P460	f	17	460	https://files.docking.org/zinc22/zinc-22f/H17/H17P460/H17P460-M.f.smi.gz	6165
zinc-22f-H17P470	f	17	470	https://files.docking.org/zinc22/zinc-22f/H17/H17P470/H17P470-M.f.smi.gz	5196
zinc-22f-H17P480	f	17	480	https://files.docking.org/zinc22/zinc-22f/H17/H17P480/H17P480-M.f.smi.gz	3015
zinc-22f-H17P490	f	17	490	https://files.docking.org/zinc22/zinc-22f/H17/H17P490/H17P490-M.f.smi.gz	2416
zinc-22f-H17P500	f	17	500	https://files.docking.org/zinc22/zinc-22f/H17/H17P500/H17P500-M.f.smi.gz	5089
zinc-22f-H17P600	f	17	600	https://files.docking.org/zinc22/zinc-22f/H17/H17P600/H17P600-M.f.smi.gz	188
zinc-22f-H18P000	f	18	0	https://files.docking.org/zinc22/zinc-22f/H18/H18P000/H18P000-M.f.smi.gz	341559
zinc-22f-H18P010	f	18	10	https://files.docking.org/zinc22/zinc-22f/H18/H18P010/H18P010-M.f.smi.gz	355529
zinc-22f-H18P020	f	18	20	https://files.docking.org/zinc22/zinc-22f/H18/H18P020/H18P020-M.f.smi.gz	365053
zinc-22f-H18P030	f	18	30	https://files.docking.org/zinc22/zinc-22f/H18/H18P030/H18P030-M.f.smi.gz	408568
zinc-22f-H18P040	f	18	40	https://files.docking.org/zinc22/zinc-22f/H18/H18P040/H18P040-M.f.smi.gz	433640
zinc-22f-H18P050	f	18	50	https://files.docking.org/zinc22/zinc-22f/H18/H18P050/H18P050-M.f.smi.gz	457156
zinc-22f-H18P060	f	18	60	https://files.docking.org/zinc22/zinc-22f/H18/H18P060/H18P060-M.f.smi.gz	487717
zinc-22f-H18P070	f	18	70	https://files.docking.org/zinc22/zinc-22f/H18/H18P070/H18P070-M.f.smi.gz	538343
zinc-22f-H18P080	f	18	80	https://files.docking.org/zinc22/zinc-22f/H18/H18P080/H18P080-M.f.smi.gz	532344
zinc-22f-H18P090	f	18	90	https://files.docking.org/zinc22/zinc-22f/H18/H18P090/H18P090-M.f.smi.gz	539218
zinc-22f-H18P100	f	18	100	https://files.docking.org/zinc22/zinc-22f/H18/H18P100/H18P100-M.f.smi.gz	561254
zinc-22f-H18P110	f	18	110	https://files.docking.org/zinc22/zinc-22f/H18/H18P110/H18P110-M.f.smi.gz	587193
zinc-22f-H18P120	f	18	120	https://files.docking.org/zinc22/zinc-22f/H18/H18P120/H18P120-M.f.smi.gz	542102
zinc-22f-H18P130	f	18	130	https://files.docking.org/zinc22/zinc-22f/H18/H18P130/H18P130-M.f.smi.gz	503390
zinc-22f-H18P140	f	18	140	https://files.docking.org/zinc22/zinc-22f/H18/H18P140/H18P140-M.f.smi.gz	525628
zinc-22f-H18P150	f	18	150	https://files.docking.org/zinc22/zinc-22f/H18/H18P150/H18P150-M.f.smi.gz	519360
zinc-22f-H18P160	f	18	160	https://files.docking.org/zinc22/zinc-22f/H18/H18P160/H18P160-M.f.smi.gz	517839
zinc-22f-H18P170	f	18	170	https://files.docking.org/zinc22/zinc-22f/H18/H18P170/H18P170-M.f.smi.gz	531566
zinc-22f-H18P180	f	18	180	https://files.docking.org/zinc22/zinc-22f/H18/H18P180/H18P180-M.f.smi.gz	491012
zinc-22f-H18P190	f	18	190	https://files.docking.org/zinc22/zinc-22f/H18/H18P190/H18P190-M.f.smi.gz	489663
zinc-22f-H18P200	f	18	200	https://files.docking.org/zinc22/zinc-22f/H18/H18P200/H18P200-M.f.smi.gz	430778
zinc-22f-H18P210	f	18	210	https://files.docking.org/zinc22/zinc-22f/H18/H18P210/H18P210-M.f.smi.gz	440017
zinc-22f-H18P220	f	18	220	https://files.docking.org/zinc22/zinc-22f/H18/H18P220/H18P220-M.f.smi.gz	413726
zinc-22f-H18P230	f	18	230	https://files.docking.org/zinc22/zinc-22f/H18/H18P230/H18P230-M.f.smi.gz	368807
zinc-22f-H18P240	f	18	240	https://files.docking.org/zinc22/zinc-22f/H18/H18P240/H18P240-M.f.smi.gz	375442
zinc-22f-H18P250	f	18	250	https://files.docking.org/zinc22/zinc-22f/H18/H18P250/H18P250-M.f.smi.gz	328193
zinc-22f-H18P260	f	18	260	https://files.docking.org/zinc22/zinc-22f/H18/H18P260/H18P260-M.f.smi.gz	312313
zinc-22f-H18P270	f	18	270	https://files.docking.org/zinc22/zinc-22f/H18/H18P270/H18P270-M.f.smi.gz	314336
zinc-22f-H18P280	f	18	280	https://files.docking.org/zinc22/zinc-22f/H18/H18P280/H18P280-M.f.smi.gz	268137
zinc-22f-H18P290	f	18	290	https://files.docking.org/zinc22/zinc-22f/H18/H18P290/H18P290-M.f.smi.gz	241541
zinc-22f-H18P300	f	18	300	https://files.docking.org/zinc22/zinc-22f/H18/H18P300/H18P300-M.f.smi.gz	243789
zinc-22f-H18P310	f	18	310	https://files.docking.org/zinc22/zinc-22f/H18/H18P310/H18P310-M.f.smi.gz	210352
zinc-22f-H18P320	f	18	320	https://files.docking.org/zinc22/zinc-22f/H18/H18P320/H18P320-M.f.smi.gz	181434
zinc-22f-H18P330	f	18	330	https://files.docking.org/zinc22/zinc-22f/H18/H18P330/H18P330-M.f.smi.gz	169116
zinc-22f-H18P340	f	18	340	https://files.docking.org/zinc22/zinc-22f/H18/H18P340/H18P340-M.f.smi.gz	140809
zinc-22f-H18P350	f	18	350	https://files.docking.org/zinc22/zinc-22f/H18/H18P350/H18P350-M.f.smi.gz	121213
zinc-22f-H18P360	f	18	360	https://files.docking.org/zinc22/zinc-22f/H18/H18P360/H18P360-M.f.smi.gz	117233
zinc-22f-H18P370	f	18	370	https://files.docking.org/zinc22/zinc-22f/H18/H18P370/H18P370-M.f.smi.gz	83986
zinc-22f-H18P380	f	18	380	https://files.docking.org/zinc22/zinc-22f/H18/H18P380/H18P380-M.f.smi.gz	86696
zinc-22f-H18P390	f	18	390	https://files.docking.org/zinc22/zinc-22f/H18/H18P390/H18P390-M.f.smi.gz	68744
zinc-22f-H18P400	f	18	400	https://files.docking.org/zinc22/zinc-22f/H18/H18P400/H18P400-M.f.smi.gz	49669
zinc-22f-H18P410	f	18	410	https://files.docking.org/zinc22/zinc-22f/H18/H18P410/H18P410-M.f.smi.gz	47545
zinc-22f-H18P420	f	18	420	https://files.docking.org/zinc22/zinc-22f/H18/H18P420/H18P420-M.f.smi.gz	43805
zinc-22f-H18P430	f	18	430	https://files.docking.org/zinc22/zinc-22f/H18/H18P430/H18P430-M.f.smi.gz	34245
zinc-22f-H18P440	f	18	440	https://files.docking.org/zinc22/zinc-22f/H18/H18P440/H18P440-M.f.smi.gz	28669
zinc-22f-H18P450	f	18	450	https://files.docking.org/zinc22/zinc-22f/H18/H18P450/H18P450-M.f.smi.gz	22195
zinc-22f-H18P460	f	18	460	https://files.docking.org/zinc22/zinc-22f/H18/H18P460/H18P460-M.f.smi.gz	17536
zinc-22f-H18P470	f	18	470	https://files.docking.org/zinc22/zinc-22f/H18/H18P470/H18P470-M.f.smi.gz	15214
zinc-22f-H18P480	f	18	480	https://files.docking.org/zinc22/zinc-22f/H18/H18P480/H18P480-M.f.smi.gz	9963
zinc-22f-H18P490	f	18	490	https://files.docking.org/zinc22/zinc-22f/H18/H18P490/H18P490-M.f.smi.gz	7400
zinc-22f-H18P500	f	18	500	https://files.docking.org/zinc22/zinc-22f/H18/H18P500/H18P500-M.f.smi.gz	17941
zinc-22f-H18P600	f	18	600	https://files.docking.org/zinc22/zinc-22f/H18/H18P600/H18P600-M.f.smi.gz	295
zinc-22f-H19P000	f	19	0	https://files.docking.org/zinc22/zinc-22f/H19/H19P000/H19P000-M.f.smi.gz	2142070
zinc-22f-H19P010	f	19	10	https://files.docking.org/zinc22/zinc-22f/H19/H19P010/H19P010-M.f.smi.gz	2204291
zinc-22f-H19P020	f	19	20	https://files.docking.org/zinc22/zinc-22f/H19/H19P020/H19P020-M.f.smi.gz	2556813
zinc-22f-H19P030	f	19	30	https://files.docking.org/zinc22/zinc-22f/H19/H19P030/H19P030-M.f.smi.gz	2566328
zinc-22f-H19P040	f	19	40	https://files.docking.org/zinc22/zinc-22f/H19/H19P040/H19P040-M.f.smi.gz	2704406
zinc-22f-H19P050	f	19	50	https://files.docking.org/zinc22/zinc-22f/H19/H19P050/H19P050-M.f.smi.gz	263826
zinc-22f-H19P060	f	19	60	https://files.docking.org/zinc22/zinc-22f/H19/H19P060/H19P060-M.f.smi.gz	2827427
zinc-22f-H19P070	f	19	70	https://files.docking.org/zinc22/zinc-22f/H19/H19P070/H19P070-M.f.smi.gz	3070560
zinc-22f-H19P080	f	19	80	https://files.docking.org/zinc22/zinc-22f/H19/H19P080/H19P080-M.f.smi.gz	3006559
zinc-22f-H19P090	f	19	90	https://files.docking.org/zinc22/zinc-22f/H19/H19P090/H19P090-M.f.smi.gz	3129667
zinc-22f-H19P100	f	19	100	https://files.docking.org/zinc22/zinc-22f/H19/H19P100/H19P100-M.f.smi.gz	3200564
zinc-22f-H19P110	f	19	110	https://files.docking.org/zinc22/zinc-22f/H19/H19P110/H19P110-M.f.smi.gz	3427099
zinc-22f-H19P120	f	19	120	https://files.docking.org/zinc22/zinc-22f/H19/H19P120/H19P120-M.f.smi.gz	4790091
zinc-22f-H19P130	f	19	130	https://files.docking.org/zinc22/zinc-22f/H19/H19P130/H19P130-M.f.smi.gz	5290301
zinc-22f-H19P140	f	19	140	https://files.docking.org/zinc22/zinc-22f/H19/H19P140/H19P140-M.f.smi.gz	5444352
zinc-22f-H19P150	f	19	150	https://files.docking.org/zinc22/zinc-22f/H19/H19P150/H19P150-M.f.smi.gz	5353528
zinc-22f-H19P160	f	19	160	https://files.docking.org/zinc22/zinc-22f/H19/H19P160/H19P160-M.f.smi.gz	5186990
zinc-22f-H19P170	f	19	170	https://files.docking.org/zinc22/zinc-22f/H19/H19P170/H19P170-M.f.smi.gz	4897717
zinc-22f-H19P180	f	19	180	https://files.docking.org/zinc22/zinc-22f/H19/H19P180/H19P180-M.f.smi.gz	4695526
zinc-22f-H19P190	f	19	190	https://files.docking.org/zinc22/zinc-22f/H19/H19P190/H19P190-M.f.smi.gz	4551152
zinc-22f-H19P200	f	19	200	https://files.docking.org/zinc22/zinc-22f/H19/H19P200/H19P200-M.f.smi.gz	2516525
zinc-22f-H19P210	f	19	210	https://files.docking.org/zinc22/zinc-22f/H19/H19P210/H19P210-M.f.smi.gz	2477995
zinc-22f-H19P220	f	19	220	https://files.docking.org/zinc22/zinc-22f/H19/H19P220/H19P220-M.f.smi.gz	2293225
zinc-22f-H19P230	f	19	230	https://files.docking.org/zinc22/zinc-22f/H19/H19P230/H19P230-M.f.smi.gz	2228618
zinc-22f-H19P240	f	19	240	https://files.docking.org/zinc22/zinc-22f/H19/H19P240/H19P240-M.f.smi.gz	2029029
zinc-22f-H19P250	f	19	250	https://files.docking.org/zinc22/zinc-22f/H19/H19P250/H19P250-M.f.smi.gz	2032234
zinc-22f-H19P260	f	19	260	https://files.docking.org/zinc22/zinc-22f/H19/H19P260/H19P260-M.f.smi.gz	1784541
zinc-22f-H19P270	f	19	270	https://files.docking.org/zinc22/zinc-22f/H19/H19P270/H19P270-M.f.smi.gz	1678357
zinc-22f-H19P280	f	19	280	https://files.docking.org/zinc22/zinc-22f/H19/H19P280/H19P280-M.f.smi.gz	1533131
zinc-22f-H19P290	f	19	290	https://files.docking.org/zinc22/zinc-22f/H19/H19P290/H19P290-M.f.smi.gz	1433501
zinc-22f-H19P300	f	19	300	https://files.docking.org/zinc22/zinc-22f/H19/H19P300/H19P300-M.f.smi.gz	1305244
zinc-22f-H19P310	f	19	310	https://files.docking.org/zinc22/zinc-22f/H19/H19P310/H19P310-M.f.smi.gz	1195916
zinc-22f-H19P320	f	19	320	https://files.docking.org/zinc22/zinc-22f/H19/H19P320/H19P320-M.f.smi.gz	1059587
zinc-22f-H19P330	f	19	330	https://files.docking.org/zinc22/zinc-22f/H19/H19P330/H19P330-M.f.smi.gz	951274
zinc-22f-H19P340	f	19	340	https://files.docking.org/zinc22/zinc-22f/H19/H19P340/H19P340-M.f.smi.gz	1195477
zinc-22f-H19P350	f	19	350	https://files.docking.org/zinc22/zinc-22f/H19/H19P350/H19P350-M.f.smi.gz	746497
zinc-22f-H19P360	f	19	360	https://files.docking.org/zinc22/zinc-22f/H19/H19P360/H19P360-M.f.smi.gz	652263
zinc-22f-H19P370	f	19	370	https://files.docking.org/zinc22/zinc-22f/H19/H19P370/H19P370-M.f.smi.gz	562039
zinc-22f-H19P380	f	19	380	https://files.docking.org/zinc22/zinc-22f/H19/H19P380/H19P380-M.f.smi.gz	497235
zinc-22f-H19P390	f	19	390	https://files.docking.org/zinc22/zinc-22f/H19/H19P390/H19P390-M.f.smi.gz	413329
zinc-22f-H19P400	f	19	400	https://files.docking.org/zinc22/zinc-22f/H19/H19P400/H19P400-M.f.smi.gz	351923
zinc-22f-H19P410	f	19	410	https://files.docking.org/zinc22/zinc-22f/H19/H19P410/H19P410-M.f.smi.gz	294746
zinc-22f-H19P420	f	19	420	https://files.docking.org/zinc22/zinc-22f/H19/H19P420/H19P420-M.f.smi.gz	312464
zinc-22f-H19P430	f	19	430	https://files.docking.org/zinc22/zinc-22f/H19/H19P430/H19P430-M.f.smi.gz	227142
zinc-22f-H19P440	f	19	440	https://files.docking.org/zinc22/zinc-22f/H19/H19P440/H19P440-M.f.smi.gz	157312
zinc-22f-H19P450	f	19	450	https://files.docking.org/zinc22/zinc-22f/H19/H19P450/H19P450-M.f.smi.gz	131397
zinc-22f-H19P460	f	19	460	https://files.docking.org/zinc22/zinc-22f/H19/H19P460/H19P460-M.f.smi.gz	101751
zinc-22f-H19P470	f	19	470	https://files.docking.org/zinc22/zinc-22f/H19/H19P470/H19P470-M.f.smi.gz	73171
zinc-22f-H19P480	f	19	480	https://files.docking.org/zinc22/zinc-22f/H19/H19P480/H19P480-M.f.smi.gz	57006
zinc-22f-H19P490	f	19	490	https://files.docking.org/zinc22/zinc-22f/H19/H19P490/H19P490-M.f.smi.gz	62404
zinc-22f-H19P500	f	19	500	https://files.docking.org/zinc22/zinc-22f/H19/H19P500/H19P500-M.f.smi.gz	105426
zinc-22f-H19P600	f	19	600	https://files.docking.org/zinc22/zinc-22f/H19/H19P600/H19P600-M.f.smi.gz	1831
zinc-22f-H19P700	f	19	700	https://files.docking.org/zinc22/zinc-22f/H19/H19P700/H19P700-M.f.smi.gz	103
zinc-22f-H20P000	f	20	0	https://files.docking.org/zinc22/zinc-22f/H20/H20P000/H20P000-M.f.smi.gz	3612603
zinc-22f-H20P010	f	20	10	https://files.docking.org/zinc22/zinc-22f/H20/H20P010/H20P010-M.f.smi.gz	3745394
zinc-22f-H20P020	f	20	20	https://files.docking.org/zinc22/zinc-22f/H20/H20P020/H20P020-M.f.smi.gz	4014161
zinc-22f-H20P030	f	20	30	https://files.docking.org/zinc22/zinc-22f/H20/H20P030/H20P030-M.f.smi.gz	4405256
zinc-22f-H20P040	f	20	40	https://files.docking.org/zinc22/zinc-22f/H20/H20P040/H20P040-M.f.smi.gz	4593113
zinc-22f-H20P050	f	20	50	https://files.docking.org/zinc22/zinc-22f/H20/H20P050/H20P050-M.f.smi.gz	4862156
zinc-22f-H20P060	f	20	60	https://files.docking.org/zinc22/zinc-22f/H20/H20P060/H20P060-M.f.smi.gz	5230304
zinc-22f-H20P070	f	20	70	https://files.docking.org/zinc22/zinc-22f/H20/H20P070/H20P070-M.f.smi.gz	5205419
zinc-22f-H20P080	f	20	80	https://files.docking.org/zinc22/zinc-22f/H20/H20P080/H20P080-M.f.smi.gz	5416428
zinc-22f-H20P090	f	20	90	https://files.docking.org/zinc22/zinc-22f/H20/H20P090/H20P090-M.f.smi.gz	5251293
zinc-22f-H20P100	f	20	100	https://files.docking.org/zinc22/zinc-22f/H20/H20P100/H20P100-M.f.smi.gz	5495325
zinc-22f-H20P110	f	20	110	https://files.docking.org/zinc22/zinc-22f/H20/H20P110/H20P110-M.f.smi.gz	5748697
zinc-22f-H20P120	f	20	120	https://files.docking.org/zinc22/zinc-22f/H20/H20P120/H20P120-M.f.smi.gz	5632229
zinc-22f-H20P130	f	20	130	https://files.docking.org/zinc22/zinc-22f/H20/H20P130/H20P130-M.f.smi.gz	5633508
zinc-22f-H20P140	f	20	140	https://files.docking.org/zinc22/zinc-22f/H20/H20P140/H20P140-M.f.smi.gz	5806641
zinc-22f-H20P150	f	20	150	https://files.docking.org/zinc22/zinc-22f/H20/H20P150/H20P150-M.f.smi.gz	5848781
zinc-22f-H20P160	f	20	160	https://files.docking.org/zinc22/zinc-22f/H20/H20P160/H20P160-M.f.smi.gz	5824840
zinc-22f-H20P170	f	20	170	https://files.docking.org/zinc22/zinc-22f/H20/H20P170/H20P170-M.f.smi.gz	9059969
zinc-22f-H20P180	f	20	180	https://files.docking.org/zinc22/zinc-22f/H20/H20P180/H20P180-M.f.smi.gz	8988152
zinc-22f-H20P190	f	20	190	https://files.docking.org/zinc22/zinc-22f/H20/H20P190/H20P190-M.f.smi.gz	8644910
zinc-22f-H20P200	f	20	200	https://files.docking.org/zinc22/zinc-22f/H20/H20P200/H20P200-M.f.smi.gz	4620539
zinc-22f-H20P210	f	20	210	https://files.docking.org/zinc22/zinc-22f/H20/H20P210/H20P210-M.f.smi.gz	4459469
zinc-22f-H20P220	f	20	220	https://files.docking.org/zinc22/zinc-22f/H20/H20P220/H20P220-M.f.smi.gz	4127608
zinc-22f-H20P230	f	20	230	https://files.docking.org/zinc22/zinc-22f/H20/H20P230/H20P230-M.f.smi.gz	3996584
zinc-22f-H20P240	f	20	240	https://files.docking.org/zinc22/zinc-22f/H20/H20P240/H20P240-M.f.smi.gz	3727472
zinc-22f-H20P250	f	20	250	https://files.docking.org/zinc22/zinc-22f/H20/H20P250/H20P250-M.f.smi.gz	3734056
zinc-22f-H20P260	f	20	260	https://files.docking.org/zinc22/zinc-22f/H20/H20P260/H20P260-M.f.smi.gz	3388560
zinc-22f-H20P270	f	20	270	https://files.docking.org/zinc22/zinc-22f/H20/H20P270/H20P270-M.f.smi.gz	3127823
zinc-22f-H20P280	f	20	280	https://files.docking.org/zinc22/zinc-22f/H20/H20P280/H20P280-M.f.smi.gz	2992313
zinc-22f-H20P290	f	20	290	https://files.docking.org/zinc22/zinc-22f/H20/H20P290/H20P290-M.f.smi.gz	2888059
zinc-22f-H20P300	f	20	300	https://files.docking.org/zinc22/zinc-22f/H20/H20P300/H20P300-M.f.smi.gz	2544172
zinc-22f-H20P310	f	20	310	https://files.docking.org/zinc22/zinc-22f/H20/H20P310/H20P310-M.f.smi.gz	4093407
zinc-22f-H20P320	f	20	320	https://files.docking.org/zinc22/zinc-22f/H20/H20P320/H20P320-M.f.smi.gz	4096916
zinc-22f-H20P330	f	20	330	https://files.docking.org/zinc22/zinc-22f/H20/H20P330/H20P330-M.f.smi.gz	3677695
zinc-22f-H20P340	f	20	340	https://files.docking.org/zinc22/zinc-22f/H20/H20P340/H20P340-M.f.smi.gz	3288804
zinc-22f-H20P350	f	20	350	https://files.docking.org/zinc22/zinc-22f/H20/H20P350/H20P350-M.f.smi.gz	1520773
zinc-22f-H20P360	f	20	360	https://files.docking.org/zinc22/zinc-22f/H20/H20P360/H20P360-M.f.smi.gz	1393504
zinc-22f-H20P370	f	20	370	https://files.docking.org/zinc22/zinc-22f/H20/H20P370/H20P370-M.f.smi.gz	1216797
zinc-22f-H20P380	f	20	380	https://files.docking.org/zinc22/zinc-22f/H20/H20P380/H20P380-M.f.smi.gz	1072156
zinc-22f-H20P390	f	20	390	https://files.docking.org/zinc22/zinc-22f/H20/H20P390/H20P390-M.f.smi.gz	946817
zinc-22f-H20P400	f	20	400	https://files.docking.org/zinc22/zinc-22f/H20/H20P400/H20P400-M.f.smi.gz	788343
zinc-22f-H20P410	f	20	410	https://files.docking.org/zinc22/zinc-22f/H20/H20P410/H20P410-M.f.smi.gz	701548
zinc-22f-H20P420	f	20	420	https://files.docking.org/zinc22/zinc-22f/H20/H20P420/H20P420-M.f.smi.gz	593780
zinc-22f-H20P430	f	20	430	https://files.docking.org/zinc22/zinc-22f/H20/H20P430/H20P430-M.f.smi.gz	492359
zinc-22f-H20P440	f	20	440	https://files.docking.org/zinc22/zinc-22f/H20/H20P440/H20P440-M.f.smi.gz	387969
zinc-22f-H20P450	f	20	450	https://files.docking.org/zinc22/zinc-22f/H20/H20P450/H20P450-M.f.smi.gz	319452
zinc-22f-H20P460	f	20	460	https://files.docking.org/zinc22/zinc-22f/H20/H20P460/H20P460-M.f.smi.gz	250224
zinc-22f-H20P470	f	20	470	https://files.docking.org/zinc22/zinc-22f/H20/H20P470/H20P470-M.f.smi.gz	202146
zinc-22f-H20P480	f	20	480	https://files.docking.org/zinc22/zinc-22f/H20/H20P480/H20P480-M.f.smi.gz	153089
zinc-22f-H20P490	f	20	490	https://files.docking.org/zinc22/zinc-22f/H20/H20P490/H20P490-M.f.smi.gz	121938
zinc-22f-H20P500	f	20	500	https://files.docking.org/zinc22/zinc-22f/H20/H20P500/H20P500-M.f.smi.gz	322032
zinc-22f-H20P600	f	20	600	https://files.docking.org/zinc22/zinc-22f/H20/H20P600/H20P600-M.f.smi.gz	6256
zinc-22f-H20P700	f	20	700	https://files.docking.org/zinc22/zinc-22f/H20/H20P700/H20P700-M.f.smi.gz	77
zinc-22x-H10P240	x	10	240	https://files.docking.org/zinc22/zinc-22x/H10/H10P240/H10P240-M.x.smi.gz	48
zinc-22x-H11P200	x	11	200	https://files.docking.org/zinc22/zinc-22x/H11/H11P200/H11P200-M.x.smi.gz	147
zinc-22x-H11P210	x	11	210	https://files.docking.org/zinc22/zinc-22x/H11/H11P210/H11P210-M.x.smi.gz	94
zinc-22x-H11P220	x	11	220	https://files.docking.org/zinc22/zinc-22x/H11/H11P220/H11P220-M.x.smi.gz	52
zinc-22x-H11P250	x	11	250	https://files.docking.org/zinc22/zinc-22x/H11/H11P250/H11P250-M.x.smi.gz	51
zinc-22x-H11P270	x	11	270	https://files.docking.org/zinc22/zinc-22x/H11/H11P270/H11P270-M.x.smi.gz	50
zinc-22x-H11P280	x	11	280	https://files.docking.org/zinc22/zinc-22x/H11/H11P280/H11P280-M.x.smi.gz	58
zinc-22x-H11P300	x	11	300	https://files.docking.org/zinc22/zinc-22x/H11/H11P300/H11P300-M.x.smi.gz	49
zinc-22x-H12P200	x	12	200	https://files.docking.org/zinc22/zinc-22x/H12/H12P200/H12P200-M.x.smi.gz	520
zinc-22x-H12P210	x	12	210	https://files.docking.org/zinc22/zinc-22x/H12/H12P210/H12P210-M.x.smi.gz	262
zinc-22x-H12P220	x	12	220	https://files.docking.org/zinc22/zinc-22x/H12/H12P220/H12P220-M.x.smi.gz	337
zinc-22x-H12P230	x	12	230	https://files.docking.org/zinc22/zinc-22x/H12/H12P230/H12P230-M.x.smi.gz	243
zinc-22x-H12P240	x	12	240	https://files.docking.org/zinc22/zinc-22x/H12/H12P240/H12P240-M.x.smi.gz	264
zinc-22x-H12P250	x	12	250	https://files.docking.org/zinc22/zinc-22x/H12/H12P250/H12P250-M.x.smi.gz	117
zinc-22x-H12P260	x	12	260	https://files.docking.org/zinc22/zinc-22x/H12/H12P260/H12P260-M.x.smi.gz	75
zinc-22x-H12P270	x	12	270	https://files.docking.org/zinc22/zinc-22x/H12/H12P270/H12P270-M.x.smi.gz	94
zinc-22x-H12P280	x	12	280	https://files.docking.org/zinc22/zinc-22x/H12/H12P280/H12P280-M.x.smi.gz	51
zinc-22x-H12P290	x	12	290	https://files.docking.org/zinc22/zinc-22x/H12/H12P290/H12P290-M.x.smi.gz	97
zinc-22x-H12P300	x	12	300	https://files.docking.org/zinc22/zinc-22x/H12/H12P300/H12P300-M.x.smi.gz	65
zinc-22x-H12P310	x	12	310	https://files.docking.org/zinc22/zinc-22x/H12/H12P310/H12P310-M.x.smi.gz	109
zinc-22x-H12P320	x	12	320	https://files.docking.org/zinc22/zinc-22x/H12/H12P320/H12P320-M.x.smi.gz	55
zinc-22x-H12P330	x	12	330	https://files.docking.org/zinc22/zinc-22x/H12/H12P330/H12P330-M.x.smi.gz	72
zinc-22x-H12P340	x	12	340	https://files.docking.org/zinc22/zinc-22x/H12/H12P340/H12P340-M.x.smi.gz	73
zinc-22x-H13P200	x	13	200	https://files.docking.org/zinc22/zinc-22x/H13/H13P200/H13P200-M.x.smi.gz	90
zinc-22x-H13P210	x	13	210	https://files.docking.org/zinc22/zinc-22x/H13/H13P210/H13P210-M.x.smi.gz	173
zinc-22x-H13P220	x	13	220	https://files.docking.org/zinc22/zinc-22x/H13/H13P220/H13P220-M.x.smi.gz	129
zinc-22x-H13P230	x	13	230	https://files.docking.org/zinc22/zinc-22x/H13/H13P230/H13P230-M.x.smi.gz	107
zinc-22x-H13P240	x	13	240	https://files.docking.org/zinc22/zinc-22x/H13/H13P240/H13P240-M.x.smi.gz	132
zinc-22x-H13P250	x	13	250	https://files.docking.org/zinc22/zinc-22x/H13/H13P250/H13P250-M.x.smi.gz	77
zinc-22x-H13P260	x	13	260	https://files.docking.org/zinc22/zinc-22x/H13/H13P260/H13P260-M.x.smi.gz	99
zinc-22x-H13P270	x	13	270	https://files.docking.org/zinc22/zinc-22x/H13/H13P270/H13P270-M.x.smi.gz	61
zinc-22x-H13P280	x	13	280	https://files.docking.org/zinc22/zinc-22x/H13/H13P280/H13P280-M.x.smi.gz	61
zinc-22x-H13P290	x	13	290	https://files.docking.org/zinc22/zinc-22x/H13/H13P290/H13P290-M.x.smi.gz	56
zinc-22x-H13P360	x	13	360	https://files.docking.org/zinc22/zinc-22x/H13/H13P360/H13P360-M.x.smi.gz	54
zinc-22x-H14P200	x	14	200	https://files.docking.org/zinc22/zinc-22x/H14/H14P200/H14P200-M.x.smi.gz	932
zinc-22x-H14P210	x	14	210	https://files.docking.org/zinc22/zinc-22x/H14/H14P210/H14P210-M.x.smi.gz	704
zinc-22x-H14P220	x	14	220	https://files.docking.org/zinc22/zinc-22x/H14/H14P220/H14P220-M.x.smi.gz	427
zinc-22x-H14P230	x	14	230	https://files.docking.org/zinc22/zinc-22x/H14/H14P230/H14P230-M.x.smi.gz	376
zinc-22x-H14P240	x	14	240	https://files.docking.org/zinc22/zinc-22x/H14/H14P240/H14P240-M.x.smi.gz	312
zinc-22x-H14P250	x	14	250	https://files.docking.org/zinc22/zinc-22x/H14/H14P250/H14P250-M.x.smi.gz	179
zinc-22x-H14P260	x	14	260	https://files.docking.org/zinc22/zinc-22x/H14/H14P260/H14P260-M.x.smi.gz	166
zinc-22x-H14P270	x	14	270	https://files.docking.org/zinc22/zinc-22x/H14/H14P270/H14P270-M.x.smi.gz	128
zinc-22x-H14P280	x	14	280	https://files.docking.org/zinc22/zinc-22x/H14/H14P280/H14P280-M.x.smi.gz	229
zinc-22x-H14P290	x	14	290	https://files.docking.org/zinc22/zinc-22x/H14/H14P290/H14P290-M.x.smi.gz	149
zinc-22x-H14P300	x	14	300	https://files.docking.org/zinc22/zinc-22x/H14/H14P300/H14P300-M.x.smi.gz	123
zinc-22x-H14P320	x	14	320	https://files.docking.org/zinc22/zinc-22x/H14/H14P320/H14P320-M.x.smi.gz	55
zinc-22x-H14P330	x	14	330	https://files.docking.org/zinc22/zinc-22x/H14/H14P330/H14P330-M.x.smi.gz	82
zinc-22x-H14P350	x	14	350	https://files.docking.org/zinc22/zinc-22x/H14/H14P350/H14P350-M.x.smi.gz	83
zinc-22x-H14P390	x	14	390	https://files.docking.org/zinc22/zinc-22x/H14/H14P390/H14P390-M.x.smi.gz	54
zinc-22x-H14P440	x	14	440	https://files.docking.org/zinc22/zinc-22x/H14/H14P440/H14P440-M.x.smi.gz	84
zinc-22x-H15P200	x	15	200	https://files.docking.org/zinc22/zinc-22x/H15/H15P200/H15P200-M.x.smi.gz	1765
zinc-22x-H15P210	x	15	210	https://files.docking.org/zinc22/zinc-22x/H15/H15P210/H15P210-M.x.smi.gz	1518
zinc-22x-H15P220	x	15	220	https://files.docking.org/zinc22/zinc-22x/H15/H15P220/H15P220-M.x.smi.gz	1825
zinc-22x-H15P230	x	15	230	https://files.docking.org/zinc22/zinc-22x/H15/H15P230/H15P230-M.x.smi.gz	1199
zinc-22x-H15P240	x	15	240	https://files.docking.org/zinc22/zinc-22x/H15/H15P240/H15P240-M.x.smi.gz	1048
zinc-22x-H15P250	x	15	250	https://files.docking.org/zinc22/zinc-22x/H15/H15P250/H15P250-M.x.smi.gz	933
zinc-22x-H15P260	x	15	260	https://files.docking.org/zinc22/zinc-22x/H15/H15P260/H15P260-M.x.smi.gz	906
zinc-22x-H15P270	x	15	270	https://files.docking.org/zinc22/zinc-22x/H15/H15P270/H15P270-M.x.smi.gz	657
zinc-22x-H15P280	x	15	280	https://files.docking.org/zinc22/zinc-22x/H15/H15P280/H15P280-M.x.smi.gz	385
zinc-22x-H15P290	x	15	290	https://files.docking.org/zinc22/zinc-22x/H15/H15P290/H15P290-M.x.smi.gz	333
zinc-22x-H15P300	x	15	300	https://files.docking.org/zinc22/zinc-22x/H15/H15P300/H15P300-M.x.smi.gz	235
zinc-22x-H15P310	x	15	310	https://files.docking.org/zinc22/zinc-22x/H15/H15P310/H15P310-M.x.smi.gz	384
zinc-22x-H15P320	x	15	320	https://files.docking.org/zinc22/zinc-22x/H15/H15P320/H15P320-M.x.smi.gz	185
zinc-22x-H15P330	x	15	330	https://files.docking.org/zinc22/zinc-22x/H15/H15P330/H15P330-M.x.smi.gz	122
zinc-22x-H15P340	x	15	340	https://files.docking.org/zinc22/zinc-22x/H15/H15P340/H15P340-M.x.smi.gz	119
zinc-22x-H15P350	x	15	350	https://files.docking.org/zinc22/zinc-22x/H15/H15P350/H15P350-M.x.smi.gz	151
zinc-22x-H15P360	x	15	360	https://files.docking.org/zinc22/zinc-22x/H15/H15P360/H15P360-M.x.smi.gz	99
zinc-22x-H15P370	x	15	370	https://files.docking.org/zinc22/zinc-22x/H15/H15P370/H15P370-M.x.smi.gz	67
zinc-22x-H15P400	x	15	400	https://files.docking.org/zinc22/zinc-22x/H15/H15P400/H15P400-M.x.smi.gz	70
zinc-22x-H15P410	x	15	410	https://files.docking.org/zinc22/zinc-22x/H15/H15P410/H15P410-M.x.smi.gz	389
zinc-22x-H15P420	x	15	420	https://files.docking.org/zinc22/zinc-22x/H15/H15P420/H15P420-M.x.smi.gz	233
zinc-22x-H15P430	x	15	430	https://files.docking.org/zinc22/zinc-22x/H15/H15P430/H15P430-M.x.smi.gz	196
zinc-22x-H15P440	x	15	440	https://files.docking.org/zinc22/zinc-22x/H15/H15P440/H15P440-M.x.smi.gz	183
zinc-22x-H15P450	x	15	450	https://files.docking.org/zinc22/zinc-22x/H15/H15P450/H15P450-M.x.smi.gz	115
zinc-22x-H15P500	x	15	500	https://files.docking.org/zinc22/zinc-22x/H15/H15P500/H15P500-M.x.smi.gz	65
zinc-22x-H16P200	x	16	200	https://files.docking.org/zinc22/zinc-22x/H16/H16P200/H16P200-M.x.smi.gz	3893
zinc-22x-H16P210	x	16	210	https://files.docking.org/zinc22/zinc-22x/H16/H16P210/H16P210-M.x.smi.gz	3999
zinc-22x-H16P220	x	16	220	https://files.docking.org/zinc22/zinc-22x/H16/H16P220/H16P220-M.x.smi.gz	4142
zinc-22x-H16P230	x	16	230	https://files.docking.org/zinc22/zinc-22x/H16/H16P230/H16P230-M.x.smi.gz	3034
zinc-22x-H16P240	x	16	240	https://files.docking.org/zinc22/zinc-22x/H16/H16P240/H16P240-M.x.smi.gz	3693
zinc-22x-H16P250	x	16	250	https://files.docking.org/zinc22/zinc-22x/H16/H16P250/H16P250-M.x.smi.gz	2233
zinc-22x-H16P260	x	16	260	https://files.docking.org/zinc22/zinc-22x/H16/H16P260/H16P260-M.x.smi.gz	2174
zinc-22x-H16P270	x	16	270	https://files.docking.org/zinc22/zinc-22x/H16/H16P270/H16P270-M.x.smi.gz	2196
zinc-22x-H16P280	x	16	280	https://files.docking.org/zinc22/zinc-22x/H16/H16P280/H16P280-M.x.smi.gz	1855
zinc-22x-H16P290	x	16	290	https://files.docking.org/zinc22/zinc-22x/H16/H16P290/H16P290-M.x.smi.gz	1308
zinc-22x-H16P300	x	16	300	https://files.docking.org/zinc22/zinc-22x/H16/H16P300/H16P300-M.x.smi.gz	1335
zinc-22x-H16P310	x	16	310	https://files.docking.org/zinc22/zinc-22x/H16/H16P310/H16P310-M.x.smi.gz	785
zinc-22x-H16P320	x	16	320	https://files.docking.org/zinc22/zinc-22x/H16/H16P320/H16P320-M.x.smi.gz	654
zinc-22x-H16P330	x	16	330	https://files.docking.org/zinc22/zinc-22x/H16/H16P330/H16P330-M.x.smi.gz	305
zinc-22x-H16P340	x	16	340	https://files.docking.org/zinc22/zinc-22x/H16/H16P340/H16P340-M.x.smi.gz	494
zinc-22x-H16P350	x	16	350	https://files.docking.org/zinc22/zinc-22x/H16/H16P350/H16P350-M.x.smi.gz	404
zinc-22x-H16P360	x	16	360	https://files.docking.org/zinc22/zinc-22x/H16/H16P360/H16P360-M.x.smi.gz	214
zinc-22x-H16P390	x	16	390	https://files.docking.org/zinc22/zinc-22x/H16/H16P390/H16P390-M.x.smi.gz	169
zinc-22x-H16P400	x	16	400	https://files.docking.org/zinc22/zinc-22x/H16/H16P400/H16P400-M.x.smi.gz	55
zinc-22x-H16P410	x	16	410	https://files.docking.org/zinc22/zinc-22x/H16/H16P410/H16P410-M.x.smi.gz	1153
zinc-22x-H16P420	x	16	420	https://files.docking.org/zinc22/zinc-22x/H16/H16P420/H16P420-M.x.smi.gz	725
zinc-22x-H16P430	x	16	430	https://files.docking.org/zinc22/zinc-22x/H16/H16P430/H16P430-M.x.smi.gz	559
zinc-22x-H16P440	x	16	440	https://files.docking.org/zinc22/zinc-22x/H16/H16P440/H16P440-M.x.smi.gz	768
zinc-22x-H16P450	x	16	450	https://files.docking.org/zinc22/zinc-22x/H16/H16P450/H16P450-M.x.smi.gz	219
zinc-22x-H16P460	x	16	460	https://files.docking.org/zinc22/zinc-22x/H16/H16P460/H16P460-M.x.smi.gz	251
zinc-22x-H16P470	x	16	470	https://files.docking.org/zinc22/zinc-22x/H16/H16P470/H16P470-M.x.smi.gz	233
zinc-22x-H16P490	x	16	490	https://files.docking.org/zinc22/zinc-22x/H16/H16P490/H16P490-M.x.smi.gz	62
zinc-22x-H16P500	x	16	500	https://files.docking.org/zinc22/zinc-22x/H16/H16P500/H16P500-M.x.smi.gz	133
zinc-22x-H17P000	x	17	0	https://files.docking.org/zinc22/zinc-22x/H17/H17P000/H17P000-M.smi.gz	215892
zinc-22x-H17P010	x	17	10	https://files.docking.org/zinc22/zinc-22x/H17/H17P010/H17P010-M.smi.gz	264486
zinc-22x-H17P020	x	17	20	https://files.docking.org/zinc22/zinc-22x/H17/H17P020/H17P020-M.smi.gz	249406
zinc-22x-H17P030	x	17	30	https://files.docking.org/zinc22/zinc-22x/H17/H17P030/H17P030-M.smi.gz	279319
zinc-22x-H17P040	x	17	40	https://files.docking.org/zinc22/zinc-22x/H17/H17P040/H17P040-M.smi.gz	316775
zinc-22x-H17P050	x	17	50	https://files.docking.org/zinc22/zinc-22x/H17/H17P050/H17P050-M.smi.gz	341012
zinc-22x-H17P060	x	17	60	https://files.docking.org/zinc22/zinc-22x/H17/H17P060/H17P060-M.smi.gz	362665
zinc-22x-H17P070	x	17	70	https://files.docking.org/zinc22/zinc-22x/H17/H17P070/H17P070-M.smi.gz	443177
zinc-22x-H17P080	x	17	80	https://files.docking.org/zinc22/zinc-22x/H17/H17P080/H17P080-M.smi.gz	380070
zinc-22x-H17P090	x	17	90	https://files.docking.org/zinc22/zinc-22x/H17/H17P090/H17P090-M.smi.gz	403279
zinc-22x-H17P100	x	17	100	https://files.docking.org/zinc22/zinc-22x/H17/H17P100/H17P100-M.smi.gz	428568
zinc-22x-H17P110	x	17	110	https://files.docking.org/zinc22/zinc-22x/H17/H17P110/H17P110-M.smi.gz	447973
zinc-22x-H17P120	x	17	120	https://files.docking.org/zinc22/zinc-22x/H17/H17P120/H17P120-M.smi.gz	400565
zinc-22x-H17P130	x	17	130	https://files.docking.org/zinc22/zinc-22x/H17/H17P130/H17P130-M.smi.gz	403521
zinc-22x-H17P140	x	17	140	https://files.docking.org/zinc22/zinc-22x/H17/H17P140/H17P140-M.smi.gz	417972
zinc-22x-H17P150	x	17	150	https://files.docking.org/zinc22/zinc-22x/H17/H17P150/H17P150-M.smi.gz	336838
zinc-22x-H17P160	x	17	160	https://files.docking.org/zinc22/zinc-22x/H17/H17P160/H17P160-M.smi.gz	414755
zinc-22x-H17P170	x	17	170	https://files.docking.org/zinc22/zinc-22x/H17/H17P170/H17P170-M.smi.gz	411134
zinc-22x-H17P180	x	17	180	https://files.docking.org/zinc22/zinc-22x/H17/H17P180/H17P180-M.smi.gz	383693
zinc-22x-H17P190	x	17	190	https://files.docking.org/zinc22/zinc-22x/H17/H17P190/H17P190-M.smi.gz	367317
zinc-22x-H17P200	x	17	200	https://files.docking.org/zinc22/zinc-22x/H17/H17P200/H17P200-M.smi.gz	277835
zinc-22x-H17P210	x	17	210	https://files.docking.org/zinc22/zinc-22x/H17/H17P210/H17P210-M.smi.gz	302610
zinc-22x-H17P220	x	17	220	https://files.docking.org/zinc22/zinc-22x/H17/H17P220/H17P220-M.smi.gz	226549
zinc-22x-H17P230	x	17	230	https://files.docking.org/zinc22/zinc-22x/H17/H17P230/H17P230-M.smi.gz	194540
zinc-22x-H17P240	x	17	240	https://files.docking.org/zinc22/zinc-22x/H17/H17P240/H17P240-M.smi.gz	177437
zinc-22x-H17P250	x	17	250	https://files.docking.org/zinc22/zinc-22x/H17/H17P250/H17P250-M.smi.gz	161250
zinc-22x-H17P260	x	17	260	https://files.docking.org/zinc22/zinc-22x/H17/H17P260/H17P260-M.smi.gz	137865
zinc-22x-H17P270	x	17	270	https://files.docking.org/zinc22/zinc-22x/H17/H17P270/H17P270-M.smi.gz	130997
zinc-22x-H17P280	x	17	280	https://files.docking.org/zinc22/zinc-22x/H17/H17P280/H17P280-M.smi.gz	129168
zinc-22x-H17P290	x	17	290	https://files.docking.org/zinc22/zinc-22x/H17/H17P290/H17P290-M.smi.gz	89453
zinc-22x-H17P300	x	17	300	https://files.docking.org/zinc22/zinc-22x/H17/H17P300/H17P300-M.smi.gz	82633
zinc-22x-H17P310	x	17	310	https://files.docking.org/zinc22/zinc-22x/H17/H17P310/H17P310-M.smi.gz	69642
zinc-22x-H17P320	x	17	320	https://files.docking.org/zinc22/zinc-22x/H17/H17P320/H17P320-M.smi.gz	55134
zinc-22x-H17P330	x	17	330	https://files.docking.org/zinc22/zinc-22x/H17/H17P330/H17P330-M.smi.gz	48614
zinc-22x-H17P340	x	17	340	https://files.docking.org/zinc22/zinc-22x/H17/H17P340/H17P340-M.smi.gz	40313
zinc-22x-H17P350	x	17	350	https://files.docking.org/zinc22/zinc-22x/H17/H17P350/H17P350-M.smi.gz	32174
zinc-22x-H17P360	x	17	360	https://files.docking.org/zinc22/zinc-22x/H17/H17P360/H17P360-M.smi.gz	26770
zinc-22x-H17P370	x	17	370	https://files.docking.org/zinc22/zinc-22x/H17/H17P370/H17P370-M.smi.gz	23889
zinc-22x-H17P380	x	17	380	https://files.docking.org/zinc22/zinc-22x/H17/H17P380/H17P380-M.smi.gz	18246
zinc-22x-H17P390	x	17	390	https://files.docking.org/zinc22/zinc-22x/H17/H17P390/H17P390-M.smi.gz	10193
zinc-22x-H18P000	x	18	0	https://files.docking.org/zinc22/zinc-22x/H18/H18P000/H18P000-M.smi.gz	391943
zinc-22x-H18P010	x	18	10	https://files.docking.org/zinc22/zinc-22x/H18/H18P010/H18P010-M.smi.gz	461814
zinc-22x-H18P020	x	18	20	https://files.docking.org/zinc22/zinc-22x/H18/H18P020/H18P020-M.smi.gz	480157
zinc-22x-H18P030	x	18	30	https://files.docking.org/zinc22/zinc-22x/H18/H18P030/H18P030-M.smi.gz	478678
zinc-22x-H18P040	x	18	40	https://files.docking.org/zinc22/zinc-22x/H18/H18P040/H18P040-M.smi.gz	534058
zinc-22x-H18P050	x	18	50	https://files.docking.org/zinc22/zinc-22x/H18/H18P050/H18P050-M.smi.gz	477158
zinc-22x-H18P060	x	18	60	https://files.docking.org/zinc22/zinc-22x/H18/H18P060/H18P060-M.smi.gz	134368
zinc-22x-H18P070	x	18	70	https://files.docking.org/zinc22/zinc-22x/H18/H18P070/H18P070-M.smi.gz	668972
zinc-22x-H18P080	x	18	80	https://files.docking.org/zinc22/zinc-22x/H18/H18P080/H18P080-M.smi.gz	697964
zinc-22x-H18P090	x	18	90	https://files.docking.org/zinc22/zinc-22x/H18/H18P090/H18P090-M.smi.gz	738417
zinc-22x-H18P100	x	18	100	https://files.docking.org/zinc22/zinc-22x/H18/H18P100/H18P100-M.smi.gz	772867
zinc-22x-H18P110	x	18	110	https://files.docking.org/zinc22/zinc-22x/H18/H18P110/H18P110-M.smi.gz	872135
zinc-22x-H18P120	x	18	120	https://files.docking.org/zinc22/zinc-22x/H18/H18P120/H18P120-M.smi.gz	808754
zinc-22x-H18P130	x	18	130	https://files.docking.org/zinc22/zinc-22x/H18/H18P130/H18P130-M.smi.gz	782829
zinc-22x-H18P140	x	18	140	https://files.docking.org/zinc22/zinc-22x/H18/H18P140/H18P140-M.smi.gz	810928
zinc-22x-H18P150	x	18	150	https://files.docking.org/zinc22/zinc-22x/H18/H18P150/H18P150-M.smi.gz	862367
zinc-22x-H18P160	x	18	160	https://files.docking.org/zinc22/zinc-22x/H18/H18P160/H18P160-M.smi.gz	807139
zinc-22x-H18P170	x	18	170	https://files.docking.org/zinc22/zinc-22x/H18/H18P170/H18P170-M.smi.gz	778962
zinc-22x-H18P180	x	18	180	https://files.docking.org/zinc22/zinc-22x/H18/H18P180/H18P180-M.smi.gz	778756
zinc-22x-H18P190	x	18	190	https://files.docking.org/zinc22/zinc-22x/H18/H18P190/H18P190-M.smi.gz	768727
zinc-22x-H18P200	x	18	200	https://files.docking.org/zinc22/zinc-22x/H18/H18P200/H18P200-M.smi.gz	486770
zinc-22x-H18P210	x	18	210	https://files.docking.org/zinc22/zinc-22x/H18/H18P210/H18P210-M.smi.gz	514255
zinc-22x-H18P220	x	18	220	https://files.docking.org/zinc22/zinc-22x/H18/H18P220/H18P220-M.smi.gz	472927
zinc-22x-H18P230	x	18	230	https://files.docking.org/zinc22/zinc-22x/H18/H18P230/H18P230-M.smi.gz	410584
zinc-22x-H18P240	x	18	240	https://files.docking.org/zinc22/zinc-22x/H18/H18P240/H18P240-M.smi.gz	322072
zinc-22x-H18P250	x	18	250	https://files.docking.org/zinc22/zinc-22x/H18/H18P250/H18P250-M.smi.gz	328648
zinc-22x-H18P260	x	18	260	https://files.docking.org/zinc22/zinc-22x/H18/H18P260/H18P260-M.smi.gz	281421
zinc-22x-H18P270	x	18	270	https://files.docking.org/zinc22/zinc-22x/H18/H18P270/H18P270-M.smi.gz	278750
zinc-22x-H18P280	x	18	280	https://files.docking.org/zinc22/zinc-22x/H18/H18P280/H18P280-M.smi.gz	242566
zinc-22x-H18P290	x	18	290	https://files.docking.org/zinc22/zinc-22x/H18/H18P290/H18P290-M.smi.gz	213902
zinc-22x-H18P300	x	18	300	https://files.docking.org/zinc22/zinc-22x/H18/H18P300/H18P300-M.smi.gz	197603
zinc-22x-H18P310	x	18	310	https://files.docking.org/zinc22/zinc-22x/H18/H18P310/H18P310-M.smi.gz	171939
zinc-22x-H18P320	x	18	320	https://files.docking.org/zinc22/zinc-22x/H18/H18P320/H18P320-M.smi.gz	161345
zinc-22x-H18P330	x	18	330	https://files.docking.org/zinc22/zinc-22x/H18/H18P330/H18P330-M.smi.gz	150379
zinc-22x-H18P340	x	18	340	https://files.docking.org/zinc22/zinc-22x/H18/H18P340/H18P340-M.smi.gz	123284
zinc-22x-H18P350	x	18	350	https://files.docking.org/zinc22/zinc-22x/H18/H18P350/H18P350-M.smi.gz	99646
zinc-22x-H18P360	x	18	360	https://files.docking.org/zinc22/zinc-22x/H18/H18P360/H18P360-M.smi.gz	86250
zinc-22x-H18P370	x	18	370	https://files.docking.org/zinc22/zinc-22x/H18/H18P370/H18P370-M.smi.gz	70925
zinc-22x-H18P380	x	18	380	https://files.docking.org/zinc22/zinc-22x/H18/H18P380/H18P380-M.smi.gz	53474
zinc-22x-H18P390	x	18	390	https://files.docking.org/zinc22/zinc-22x/H18/H18P390/H18P390-M.smi.gz	50503
zinc-22x-H19P000	x	19	0	https://files.docking.org/zinc22/zinc-22x/H19/H19P000/H19P000-M.smi.gz	605565
zinc-22x-H19P010	x	19	10	https://files.docking.org/zinc22/zinc-22x/H19/H19P010/H19P010-M.smi.gz	659899
zinc-22x-H19P020	x	19	20	https://files.docking.org/zinc22/zinc-22x/H19/H19P020/H19P020-M.smi.gz	755830
zinc-22x-H19P030	x	19	30	https://files.docking.org/zinc22/zinc-22x/H19/H19P030/H19P030-M.smi.gz	776449
zinc-22x-H19P040	x	19	40	https://files.docking.org/zinc22/zinc-22x/H19/H19P040/H19P040-M.smi.gz	840169
zinc-22x-H19P050	x	19	50	https://files.docking.org/zinc22/zinc-22x/H19/H19P050/H19P050-M.smi.gz	996365
zinc-22x-H19P060	x	19	60	https://files.docking.org/zinc22/zinc-22x/H19/H19P060/H19P060-M.smi.gz	1055602
zinc-22x-H19P070	x	19	70	https://files.docking.org/zinc22/zinc-22x/H19/H19P070/H19P070-M.smi.gz	1100683
zinc-22x-H19P080	x	19	80	https://files.docking.org/zinc22/zinc-22x/H19/H19P080/H19P080-M.smi.gz	1141550
zinc-22x-H19P090	x	19	90	https://files.docking.org/zinc22/zinc-22x/H19/H19P090/H19P090-M.smi.gz	1241107
zinc-22x-H19P100	x	19	100	https://files.docking.org/zinc22/zinc-22x/H19/H19P100/H19P100-M.smi.gz	1270455
zinc-22x-H19P110	x	19	110	https://files.docking.org/zinc22/zinc-22x/H19/H19P110/H19P110-M.smi.gz	1399410
zinc-22x-H19P120	x	19	120	https://files.docking.org/zinc22/zinc-22x/H19/H19P120/H19P120-M.smi.gz	1425411
zinc-22x-H19P130	x	19	130	https://files.docking.org/zinc22/zinc-22x/H19/H19P130/H19P130-M.smi.gz	1405235
zinc-22x-H19P140	x	19	140	https://files.docking.org/zinc22/zinc-22x/H19/H19P140/H19P140-M.smi.gz	1456340
zinc-22x-H19P150	x	19	150	https://files.docking.org/zinc22/zinc-22x/H19/H19P150/H19P150-M.smi.gz	1558405
zinc-22x-H19P160	x	19	160	https://files.docking.org/zinc22/zinc-22x/H19/H19P160/H19P160-M.smi.gz	1511655
zinc-22x-H19P170	x	19	170	https://files.docking.org/zinc22/zinc-22x/H19/H19P170/H19P170-M.smi.gz	1433207
zinc-22x-H19P180	x	19	180	https://files.docking.org/zinc22/zinc-22x/H19/H19P180/H19P180-M.smi.gz	1438900
zinc-22x-H19P190	x	19	190	https://files.docking.org/zinc22/zinc-22x/H19/H19P190/H19P190-M.smi.gz	1513703
zinc-22x-H19P200	x	19	200	https://files.docking.org/zinc22/zinc-22x/H19/H19P200/H19P200-M.smi.gz	345401
zinc-22x-H19P210	x	19	210	https://files.docking.org/zinc22/zinc-22x/H19/H19P210/H19P210-M.smi.gz	633166
zinc-22x-H19P220	x	19	220	https://files.docking.org/zinc22/zinc-22x/H19/H19P220/H19P220-M.smi.gz	1156387
zinc-22x-H19P230	x	19	230	https://files.docking.org/zinc22/zinc-22x/H19/H19P230/H19P230-M.smi.gz	1047063
zinc-22x-H19P240	x	19	240	https://files.docking.org/zinc22/zinc-22x/H19/H19P240/H19P240-M.smi.gz	987471
zinc-22x-H19P250	x	19	250	https://files.docking.org/zinc22/zinc-22x/H19/H19P250/H19P250-M.smi.gz	1000801
zinc-22x-H19P260	x	19	260	https://files.docking.org/zinc22/zinc-22x/H19/H19P260/H19P260-M.smi.gz	897438
zinc-22x-H19P270	x	19	270	https://files.docking.org/zinc22/zinc-22x/H19/H19P270/H19P270-M.smi.gz	766660
zinc-22x-H19P280	x	19	280	https://files.docking.org/zinc22/zinc-22x/H19/H19P280/H19P280-M.smi.gz	705451
zinc-22x-H19P290	x	19	290	https://files.docking.org/zinc22/zinc-22x/H19/H19P290/H19P290-M.smi.gz	667652
zinc-22x-H19P300	x	19	300	https://files.docking.org/zinc22/zinc-22x/H19/H19P300/H19P300-M.smi.gz	551715
zinc-22x-H19P310	x	19	310	https://files.docking.org/zinc22/zinc-22x/H19/H19P310/H19P310-M.smi.gz	500571
zinc-22x-H19P320	x	19	320	https://files.docking.org/zinc22/zinc-22x/H19/H19P320/H19P320-M.smi.gz	449696
zinc-22x-H19P330	x	19	330	https://files.docking.org/zinc22/zinc-22x/H19/H19P330/H19P330-M.smi.gz	389695
zinc-22x-H19P340	x	19	340	https://files.docking.org/zinc22/zinc-22x/H19/H19P340/H19P340-M.smi.gz	355146
zinc-22x-H19P350	x	19	350	https://files.docking.org/zinc22/zinc-22x/H19/H19P350/H19P350-M.smi.gz	307779
zinc-22x-H19P360	x	19	360	https://files.docking.org/zinc22/zinc-22x/H19/H19P360/H19P360-M.smi.gz	287864
zinc-22x-H19P370	x	19	370	https://files.docking.org/zinc22/zinc-22x/H19/H19P370/H19P370-M.smi.gz	235575
zinc-22x-H19P380	x	19	380	https://files.docking.org/zinc22/zinc-22x/H19/H19P380/H19P380-M.smi.gz	192464
zinc-22x-H19P390	x	19	390	https://files.docking.org/zinc22/zinc-22x/H19/H19P390/H19P390-M.smi.gz	163917
zinc-22x-H20P000	x	20	0	https://files.docking.org/zinc22/zinc-22x/H20/H20P000/H20P000-M.smi.gz	807052
zinc-22x-H20P010	x	20	10	https://files.docking.org/zinc22/zinc-22x/H20/H20P010/H20P010-M.smi.gz	914410
zinc-22x-H20P020	x	20	20	https://files.docking.org/zinc22/zinc-22x/H20/H20P020/H20P020-M.smi.gz	941812
zinc-22x-H20P030	x	20	30	https://files.docking.org/zinc22/zinc-22x/H20/H20P030/H20P030-M.smi.gz	1006608
zinc-22x-H20P040	x	20	40	https://files.docking.org/zinc22/zinc-22x/H20/H20P040/H20P040-M.smi.gz	1142030
zinc-22x-H20P050	x	20	50	https://files.docking.org/zinc22/zinc-22x/H20/H20P050/H20P050-M.smi.gz	748664
zinc-22x-H20P060	x	20	60	https://files.docking.org/zinc22/zinc-22x/H20/H20P060/H20P060-M.smi.gz	1487193
zinc-22x-H20P070	x	20	70	https://files.docking.org/zinc22/zinc-22x/H20/H20P070/H20P070-M.smi.gz	1582739
zinc-22x-H20P080	x	20	80	https://files.docking.org/zinc22/zinc-22x/H20/H20P080/H20P080-M.smi.gz	1686231
zinc-22x-H20P090	x	20	90	https://files.docking.org/zinc22/zinc-22x/H20/H20P090/H20P090-M.smi.gz	1821913
zinc-22x-H20P100	x	20	100	https://files.docking.org/zinc22/zinc-22x/H20/H20P100/H20P100-M.smi.gz	1750897
zinc-22x-H20P110	x	20	110	https://files.docking.org/zinc22/zinc-22x/H20/H20P110/H20P110-M.smi.gz	1473487
zinc-22x-H20P120	x	20	120	https://files.docking.org/zinc22/zinc-22x/H20/H20P120/H20P120-M.smi.gz	2056265
zinc-22x-H20P130	x	20	130	https://files.docking.org/zinc22/zinc-22x/H20/H20P130/H20P130-M.smi.gz	1906757
zinc-22x-H20P140	x	20	140	https://files.docking.org/zinc22/zinc-22x/H20/H20P140/H20P140-M.smi.gz	1937640
zinc-22x-H20P150	x	20	150	https://files.docking.org/zinc22/zinc-22x/H20/H20P150/H20P150-M.smi.gz	2342165
zinc-22x-H20P160	x	20	160	https://files.docking.org/zinc22/zinc-22x/H20/H20P160/H20P160-M.smi.gz	2405882
zinc-22x-H20P170	x	20	170	https://files.docking.org/zinc22/zinc-22x/H20/H20P170/H20P170-M.smi.gz	2294963
zinc-22x-H20P180	x	20	180	https://files.docking.org/zinc22/zinc-22x/H20/H20P180/H20P180-M.smi.gz	2318226
zinc-22x-H20P190	x	20	190	https://files.docking.org/zinc22/zinc-22x/H20/H20P190/H20P190-M.smi.gz	2166868
zinc-22x-H20P200	x	20	200	https://files.docking.org/zinc22/zinc-22x/H20/H20P200/H20P200-M.smi.gz	1725515
zinc-22x-H20P210	x	20	210	https://files.docking.org/zinc22/zinc-22x/H20/H20P210/H20P210-M.smi.gz	953011
zinc-22x-H20P220	x	20	220	https://files.docking.org/zinc22/zinc-22x/H20/H20P220/H20P220-M.smi.gz	465826
zinc-22x-H20P230	x	20	230	https://files.docking.org/zinc22/zinc-22x/H20/H20P230/H20P230-M.smi.gz	514625
zinc-22x-H20P240	x	20	240	https://files.docking.org/zinc22/zinc-22x/H20/H20P240/H20P240-M.smi.gz	486730
zinc-22x-H20P250	x	20	250	https://files.docking.org/zinc22/zinc-22x/H20/H20P250/H20P250-M.smi.gz	481347
zinc-22x-H20P260	x	20	260	https://files.docking.org/zinc22/zinc-22x/H20/H20P260/H20P260-M.smi.gz	442299
zinc-22x-H20P270	x	20	270	https://files.docking.org/zinc22/zinc-22x/H20/H20P270/H20P270-M.smi.gz	416735
zinc-22x-H20P280	x	20	280	https://files.docking.org/zinc22/zinc-22x/H20/H20P280/H20P280-M.smi.gz	498954
zinc-22x-H20P290	x	20	290	https://files.docking.org/zinc22/zinc-22x/H20/H20P290/H20P290-M.smi.gz	1041012
zinc-22x-H20P300	x	20	300	https://files.docking.org/zinc22/zinc-22x/H20/H20P300/H20P300-M.smi.gz	1081783
zinc-22x-H20P310	x	20	310	https://files.docking.org/zinc22/zinc-22x/H20/H20P310/H20P310-M.smi.gz	920841
zinc-22x-H20P320	x	20	320	https://files.docking.org/zinc22/zinc-22x/H20/H20P320/H20P320-M.smi.gz	847249
zinc-22x-H20P330	x	20	330	https://files.docking.org/zinc22/zinc-22x/H20/H20P330/H20P330-M.smi.gz	783990
zinc-22x-H20P340	x	20	340	https://files.docking.org/zinc22/zinc-22x/H20/H20P340/H20P340-M.smi.gz	691434
zinc-22x-H20P350	x	20	350	https://files.docking.org/zinc22/zinc-22x/H20/H20P350/H20P350-M.smi.gz	606753
zinc-22x-H20P360	x	20	360	https://files.docking.org/zinc22/zinc-22x/H20/H20P360/H20P360-M.smi.gz	409808
zinc-22x-H20P370	x	20	370	https://files.docking.org/zinc22/zinc-22x/H20/H20P370/H20P370-M.smi.gz	315515
zinc-22x-H20P380	x	20	380	https://files.docking.org/zinc22/zinc-22x/H20/H20P380/H20P380-M.smi.gz	426706
zinc-22x-H20P390	x	20	390	https://files.docking.org/zinc22/zinc-22x/H20/H20P390/H20P390-M.smi.gz	381772
zinc-22x-H20P400	x	20	400	https://files.docking.org/zinc22/zinc-22x/H20/H20P400/H20P400-M.smi.gz	324603
zinc-22x-H21P200	x	21	200	https://files.docking.org/zinc22/zinc-22x/H21/H21P200/H21P200-M.smi.gz	2737635
zinc-22x-H21P210	x	21	210	https://files.docking.org/zinc22/zinc-22x/H21/H21P210/H21P210-M.smi.gz	2638464
zinc-22x-H21P220	x	21	220	https://files.docking.org/zinc22/zinc-22x/H21/H21P220/H21P220-M.smi.gz	2616403
zinc-22x-H21P230	x	21	230	https://files.docking.org/zinc22/zinc-22x/H21/H21P230/H21P230-M.smi.gz	2626634
zinc-22x-H21P240	x	21	240	https://files.docking.org/zinc22/zinc-22x/H21/H21P240/H21P240-M.smi.gz	1563189
zinc-22x-H21P250	x	21	250	https://files.docking.org/zinc22/zinc-22x/H21/H21P250/H21P250-M.smi.gz	1002109
zinc-22x-H21P260	x	21	260	https://files.docking.org/zinc22/zinc-22x/H21/H21P260/H21P260-M.smi.gz	932596
zinc-22x-H21P270	x	21	270	https://files.docking.org/zinc22/zinc-22x/H21/H21P270/H21P270-M.smi.gz	857597
zinc-22x-H21P280	x	21	280	https://files.docking.org/zinc22/zinc-22x/H21/H21P280/H21P280-M.smi.gz	829502
zinc-22x-H21P290	x	21	290	https://files.docking.org/zinc22/zinc-22x/H21/H21P290/H21P290-M.smi.gz	781527
zinc-22x-H21P300	x	21	300	https://files.docking.org/zinc22/zinc-22x/H21/H21P300/H21P300-M.smi.gz	725633
zinc-22x-H21P310	x	21	310	https://files.docking.org/zinc22/zinc-22x/H21/H21P310/H21P310-M.smi.gz	914871
zinc-22x-H21P320	x	21	320	https://files.docking.org/zinc22/zinc-22x/H21/H21P320/H21P320-M.smi.gz	1569425
zinc-22x-H21P330	x	21	330	https://files.docking.org/zinc22/zinc-22x/H21/H21P330/H21P330-M.smi.gz	1453417
zinc-22x-H21P340	x	21	340	https://files.docking.org/zinc22/zinc-22x/H21/H21P340/H21P340-M.smi.gz	1259736
zinc-22x-H21P350	x	21	350	https://files.docking.org/zinc22/zinc-22x/H21/H21P350/H21P350-M.smi.gz	1130635
zinc-22x-H21P360	x	21	360	https://files.docking.org/zinc22/zinc-22x/H21/H21P360/H21P360-M.smi.gz	961486
zinc-22x-H21P370	x	21	370	https://files.docking.org/zinc22/zinc-22x/H21/H21P370/H21P370-M.smi.gz	872703
zinc-22x-H21P380	x	21	380	https://files.docking.org/zinc22/zinc-22x/H21/H21P380/H21P380-M.smi.gz	733820
zinc-22x-H21P390	x	21	390	https://files.docking.org/zinc22/zinc-22x/H21/H21P390/H21P390-M.smi.gz	624614
zinc-22x-H21P400	x	21	400	https://files.docking.org/zinc22/zinc-22x/H21/H21P400/H21P400-M.smi.gz	572922
zinc-22x-H22P000	x	22	0	https://files.docking.org/zinc22/zinc-22x/H22/H22P000/H22P000-M.x.smi.gz	1235910
zinc-22x-H22P010	x	22	10	https://files.docking.org/zinc22/zinc-22x/H22/H22P010/H22P010-M.x.smi.gz	1522428
zinc-22x-H22P020	x	22	20	https://files.docking.org/zinc22/zinc-22x/H22/H22P020/H22P020-M.x.smi.gz	1574989
zinc-22x-H22P030	x	22	30	https://files.docking.org/zinc22/zinc-22x/H22/H22P030/H22P030-M.x.smi.gz	1889909
zinc-22x-H22P040	x	22	40	https://files.docking.org/zinc22/zinc-22x/H22/H22P040/H22P040-M.x.smi.gz	2080010
zinc-22x-H22P050	x	22	50	https://files.docking.org/zinc22/zinc-22x/H22/H22P050/H22P050-M.x.smi.gz	2103754
zinc-22x-H22P060	x	22	60	https://files.docking.org/zinc22/zinc-22x/H22/H22P060/H22P060-M.x.smi.gz	2343854
zinc-22x-H22P070	x	22	70	https://files.docking.org/zinc22/zinc-22x/H22/H22P070/H22P070-M.x.smi.gz	2526945
zinc-22x-H22P080	x	22	80	https://files.docking.org/zinc22/zinc-22x/H22/H22P080/H22P080-M.x.smi.gz	2674693
zinc-22x-H22P090	x	22	90	https://files.docking.org/zinc22/zinc-22x/H22/H22P090/H22P090-M.x.smi.gz	2587981
zinc-22x-H22P100	x	22	100	https://files.docking.org/zinc22/zinc-22x/H22/H22P100/H22P100-M.x.smi.gz	2747989
zinc-22x-H22P110	x	22	110	https://files.docking.org/zinc22/zinc-22x/H22/H22P110/H22P110-M.x.smi.gz	2301225
zinc-22x-H22P120	x	22	120	https://files.docking.org/zinc22/zinc-22x/H22/H22P120/H22P120-M.x.smi.gz	2651190
zinc-22x-H22P130	x	22	130	https://files.docking.org/zinc22/zinc-22x/H22/H22P130/H22P130-M.x.smi.gz	3671419
zinc-22x-H22P140	x	22	140	https://files.docking.org/zinc22/zinc-22x/H22/H22P140/H22P140-M.x.smi.gz	3312204
zinc-22x-H22P150	x	22	150	https://files.docking.org/zinc22/zinc-22x/H22/H22P150/H22P150-M.x.smi.gz	2573786
zinc-22x-H22P160	x	22	160	https://files.docking.org/zinc22/zinc-22x/H22/H22P160/H22P160-M.x.smi.gz	3911531
zinc-22x-H22P170	x	22	170	https://files.docking.org/zinc22/zinc-22x/H22/H22P170/H22P170-M.x.smi.gz	3735074
zinc-22x-H22P180	x	22	180	https://files.docking.org/zinc22/zinc-22x/H22/H22P180/H22P180-M.x.smi.gz	3298426
zinc-22x-H22P190	x	22	190	https://files.docking.org/zinc22/zinc-22x/H22/H22P190/H22P190-M.x.smi.gz	4027428
zinc-22x-H22P200	x	22	200	https://files.docking.org/zinc22/zinc-22x/H22/H22P200/H22P200-M.x.smi.gz	1600414
zinc-22x-H22P210	x	22	210	https://files.docking.org/zinc22/zinc-22x/H22/H22P210/H22P210-M.x.smi.gz	2555583
zinc-22x-H22P220	x	22	220	https://files.docking.org/zinc22/zinc-22x/H22/H22P220/H22P220-M.x.smi.gz	1624998
zinc-22x-H22P230	x	22	230	https://files.docking.org/zinc22/zinc-22x/H22/H22P230/H22P230-M.x.smi.gz	1725287
zinc-22x-H22P240	x	22	240	https://files.docking.org/zinc22/zinc-22x/H22/H22P240/H22P240-M.x.smi.gz	2856095
zinc-22x-H22P250	x	22	250	https://files.docking.org/zinc22/zinc-22x/H22/H22P250/H22P250-M.x.smi.gz	966624
zinc-22x-H22P290	x	22	290	https://files.docking.org/zinc22/zinc-22x/H22/H22P290/H22P290-M.x.smi.gz	1526849
zinc-22x-H23P000	x	23	0	https://files.docking.org/zinc22/zinc-22x/H23/H23P000/H23P000-M.x.smi.gz	1879106
zinc-22x-H23P010	x	23	10	https://files.docking.org/zinc22/zinc-22x/H23/H23P010/H23P010-M.x.smi.gz	2352133
zinc-22x-H23P020	x	23	20	https://files.docking.org/zinc22/zinc-22x/H23/H23P020/H23P020-M.x.smi.gz	2557757
zinc-22x-H23P030	x	23	30	https://files.docking.org/zinc22/zinc-22x/H23/H23P030/H23P030-M.x.smi.gz	1634353
zinc-22x-H23P040	x	23	40	https://files.docking.org/zinc22/zinc-22x/H23/H23P040/H23P040-M.x.smi.gz	1585724
zinc-22x-H23P050	x	23	50	https://files.docking.org/zinc22/zinc-22x/H23/H23P050/H23P050-M.x.smi.gz	2907912
zinc-22x-H23P060	x	23	60	https://files.docking.org/zinc22/zinc-22x/H23/H23P060/H23P060-M.x.smi.gz	3808515
zinc-22x-H23P070	x	23	70	https://files.docking.org/zinc22/zinc-22x/H23/H23P070/H23P070-M.x.smi.gz	4063728
zinc-22x-H23P080	x	23	80	https://files.docking.org/zinc22/zinc-22x/H23/H23P080/H23P080-M.x.smi.gz	4339244
zinc-22x-H23P090	x	23	90	https://files.docking.org/zinc22/zinc-22x/H23/H23P090/H23P090-M.x.smi.gz	4357066
zinc-22x-H23P100	x	23	100	https://files.docking.org/zinc22/zinc-22x/H23/H23P100/H23P100-M.x.smi.gz	3357487
zinc-22x-H23P110	x	23	110	https://files.docking.org/zinc22/zinc-22x/H23/H23P110/H23P110-M.x.smi.gz	1268540
zinc-22x-H23P120	x	23	120	https://files.docking.org/zinc22/zinc-22x/H23/H23P120/H23P120-M.x.smi.gz	726127
zinc-22x-H23P130	x	23	130	https://files.docking.org/zinc22/zinc-22x/H23/H23P130/H23P130-M.x.smi.gz	276282
zinc-22x-H23P140	x	23	140	https://files.docking.org/zinc22/zinc-22x/H23/H23P140/H23P140-M.x.smi.gz	1139407
zinc-22x-H23P150	x	23	150	https://files.docking.org/zinc22/zinc-22x/H23/H23P150/H23P150-M.x.smi.gz	142196
zinc-22x-H23P160	x	23	160	https://files.docking.org/zinc22/zinc-22x/H23/H23P160/H23P160-M.x.smi.gz	131238
zinc-22x-H23P170	x	23	170	https://files.docking.org/zinc22/zinc-22x/H23/H23P170/H23P170-M.x.smi.gz	59490
zinc-22x-H23P180	x	23	180	https://files.docking.org/zinc22/zinc-22x/H23/H23P180/H23P180-M.x.smi.gz	77961
zinc-22x-H23P190	x	23	190	https://files.docking.org/zinc22/zinc-22x/H23/H23P190/H23P190-M.x.smi.gz	70338
zinc-22x-H23P200	x	23	200	https://files.docking.org/zinc22/zinc-22x/H23/H23P200/H23P200-M.smi.gz	5789190
zinc-22x-H23P210	x	23	210	https://files.docking.org/zinc22/zinc-22x/H23/H23P210/H23P210-M.smi.gz	5742085
zinc-22x-H23P220	x	23	220	https://files.docking.org/zinc22/zinc-22x/H23/H23P220/H23P220-M.smi.gz	5707247
zinc-22x-H23P230	x	23	230	https://files.docking.org/zinc22/zinc-22x/H23/H23P230/H23P230-M.smi.gz	5909017
zinc-22x-H23P240	x	23	240	https://files.docking.org/zinc22/zinc-22x/H23/H23P240/H23P240-M.smi.gz	6809344
zinc-22x-H23P250	x	23	250	https://files.docking.org/zinc22/zinc-22x/H23/H23P250/H23P250-M.smi.gz	6618856
zinc-22x-H23P260	x	23	260	https://files.docking.org/zinc22/zinc-22x/H23/H23P260/H23P260-M.smi.gz	6404352
zinc-22x-H23P270	x	23	270	https://files.docking.org/zinc22/zinc-22x/H23/H23P270/H23P270-M.smi.gz	6334265
zinc-22x-H23P280	x	23	280	https://files.docking.org/zinc22/zinc-22x/H23/H23P280/H23P280-M.smi.gz	6105268
zinc-22x-H23P290	x	23	290	https://files.docking.org/zinc22/zinc-22x/H23/H23P290/H23P290-M.x.smi.gz	5412309
zinc-22x-H23P300	x	23	300	https://files.docking.org/zinc22/zinc-22x/H23/H23P300/H23P300-M.x.smi.gz	5177673
zinc-22x-H23P310	x	23	310	https://files.docking.org/zinc22/zinc-22x/H23/H23P310/H23P310-M.x.smi.gz	5198005
zinc-22x-H23P320	x	23	320	https://files.docking.org/zinc22/zinc-22x/H23/H23P320/H23P320-M.x.smi.gz	4821997
zinc-22x-H23P330	x	23	330	https://files.docking.org/zinc22/zinc-22x/H23/H23P330/H23P330-M.x.smi.gz	4451403
zinc-22x-H23P340	x	23	340	https://files.docking.org/zinc22/zinc-22x/H23/H23P340/H23P340-M.x.smi.gz	4081831
zinc-22x-H23P350	x	23	350	https://files.docking.org/zinc22/zinc-22x/H23/H23P350/H23P350-M.x.smi.gz	3670860
zinc-22x-H24P000	x	24	0	https://files.docking.org/zinc22/zinc-22x/H24/H24P000/H24P000-M.x.smi.gz	2759231
zinc-22x-H24P010	x	24	10	https://files.docking.org/zinc22/zinc-22x/H24/H24P010/H24P010-M.x.smi.gz	3526703
zinc-22x-H24P020	x	24	20	https://files.docking.org/zinc22/zinc-22x/H24/H24P020/H24P020-M.x.smi.gz	3983202
zinc-22x-H24P030	x	24	30	https://files.docking.org/zinc22/zinc-22x/H24/H24P030/H24P030-M.x.smi.gz	4266119
zinc-22x-H24P040	x	24	40	https://files.docking.org/zinc22/zinc-22x/H24/H24P040/H24P040-M.x.smi.gz	20
zinc-22x-H24P050	x	24	50	https://files.docking.org/zinc22/zinc-22x/H24/H24P050/H24P050-M.x.smi.gz	2768882
zinc-22x-H24P240	x	24	240	https://files.docking.org/zinc22/zinc-22x/H24/H24P240/H24P240-M.smi.gz	4248990
zinc-22x-H24P250	x	24	250	https://files.docking.org/zinc22/zinc-22x/H24/H24P250/H24P250-M.smi.gz	4348486
zinc-22x-H24P260	x	24	260	https://files.docking.org/zinc22/zinc-22x/H24/H24P260/H24P260-M.x.smi.gz	6167924
zinc-22x-H24P270	x	24	270	https://files.docking.org/zinc22/zinc-22x/H24/H24P270/H24P270-M.smi.gz	5635462
zinc-22x-H24P280	x	24	280	https://files.docking.org/zinc22/zinc-22x/H24/H24P280/H24P280-M.smi.gz	3567813
zinc-22x-H24P290	x	24	290	https://files.docking.org/zinc22/zinc-22x/H24/H24P290/H24P290-M.smi.gz	3178077
zinc-22x-H24P300	x	24	300	https://files.docking.org/zinc22/zinc-22x/H24/H24P300/H24P300-M.smi.gz	5228080
zinc-22x-H24P310	x	24	310	https://files.docking.org/zinc22/zinc-22x/H24/H24P310/H24P310-M.smi.gz	1864739
zinc-22x-H24P320	x	24	320	https://files.docking.org/zinc22/zinc-22x/H24/H24P320/H24P320-M.smi.gz	4011138
zinc-22x-H24P330	x	24	330	https://files.docking.org/zinc22/zinc-22x/H24/H24P330/H24P330-M.smi.gz	6086968
zinc-22x-H25P230	x	25	230	https://files.docking.org/zinc22/zinc-22x/H25/H25P230/H25P230-M.x.smi.gz	4079603
zinc-22x-H25P240	x	25	240	https://files.docking.org/zinc22/zinc-22x/H25/H25P240/H25P240-M.x.smi.gz	2980589
zinc-22x-H25P250	x	25	250	https://files.docking.org/zinc22/zinc-22x/H25/H25P250/H25P250-M.x.smi.gz	4359400
zinc-22x-H25P260	x	25	260	https://files.docking.org/zinc22/zinc-22x/H25/H25P260/H25P260-M.x.smi.gz	6031785
zinc-22x-H25P270	x	25	270	https://files.docking.org/zinc22/zinc-22x/H25/H25P270/H25P270-M.x.smi.gz	11590623
zinc-22x-H25P280	x	25	280	https://files.docking.org/zinc22/zinc-22x/H25/H25P280/H25P280-M.x.smi.gz	8580636
zinc-22x-H25P290	x	25	290	https://files.docking.org/zinc22/zinc-22x/H25/H25P290/H25P290-M.x.smi.gz	6730642
zinc-22x-H25P300	x	25	300	https://files.docking.org/zinc22/zinc-22x/H25/H25P300/H25P300-M.x.smi.gz	297266
zinc-22x-H25P310	x	25	310	https://files.docking.org/zinc22/zinc-22x/H25/H25P310/H25P310-M.x.smi.gz	380786
zinc-22x-H25P320	x	25	320	https://files.docking.org/zinc22/zinc-22x/H25/H25P320/H25P320-M.x.smi.gz	7954078
zinc-22x-H25P330	x	25	330	https://files.docking.org/zinc22/zinc-22x/H25/H25P330/H25P330-M.x.smi.gz	6233776
zinc-22x-H25P340	x	25	340	https://files.docking.org/zinc22/zinc-22x/H25/H25P340/H25P340-M.x.smi.gz	6594124
zinc-22x-H25P350	x	25	350	https://files.docking.org/zinc22/zinc-22x/H25/H25P350/H25P350-M.x.smi.gz	199004
zinc-22x-H25P360	x	25	360	https://files.docking.org/zinc22/zinc-22x/H25/H25P360/H25P360-M.x.smi.gz	4878670
zinc-22x-H25P370	x	25	370	https://files.docking.org/zinc22/zinc-22x/H25/H25P370/H25P370-M.x.smi.gz	147855
zinc-22x-H25P380	x	25	380	https://files.docking.org/zinc22/zinc-22x/H25/H25P380/H25P380-M.x.smi.gz	182779
zinc-22x-H25P390	x	25	390	https://files.docking.org/zinc22/zinc-22x/H25/H25P390/H25P390-M.x.smi.gz	444664
zinc-22x-H25P400	x	25	400	https://files.docking.org/zinc22/zinc-22x/H25/H25P400/H25P400-M.x.smi.gz	4123757
zinc-22x-H25P410	x	25	410	https://files.docking.org/zinc22/zinc-22x/H25/H25P410/H25P410-M.x.smi.gz	4181986
zinc-22x-H25P420	x	25	420	https://files.docking.org/zinc22/zinc-22x/H25/H25P420/H25P420-M.x.smi.gz	3676142
zinc-22x-H25P430	x	25	430	https://files.docking.org/zinc22/zinc-22x/H25/H25P430/H25P430-M.x.smi.gz	3195191
zinc-22x-H25P440	x	25	440	https://files.docking.org/zinc22/zinc-22x/H25/H25P440/H25P440-M.x.smi.gz	2712315
zinc-22x-H25P450	x	25	450	https://files.docking.org/zinc22/zinc-22x/H25/H25P450/H25P450-M.x.smi.gz	2340624
zinc-22x-H25P460	x	25	460	https://files.docking.org/zinc22/zinc-22x/H25/H25P460/H25P460-M.x.smi.gz	2021916
zinc-22x-H25P470	x	25	470	https://files.docking.org/zinc22/zinc-22x/H25/H25P470/H25P470-M.x.smi.gz	1745505
zinc-22x-H25P480	x	25	480	https://files.docking.org/zinc22/zinc-22x/H25/H25P480/H25P480-M.x.smi.gz	1471787
zinc-22x-H25P490	x	25	490	https://files.docking.org/zinc22/zinc-22x/H25/H25P490/H25P490-M.x.smi.gz	1296798
zinc-22x-H25P500	x	25	500	https://files.docking.org/zinc22/zinc-22x/H25/H25P500/H25P500-M.x.smi.gz	5000444
zinc-22x-H25P600	x	25	600	https://files.docking.org/zinc22/zinc-22x/H25/H25P600/H25P600-M.x.smi.gz	361129
zinc-22x-H25P700	x	25	700	https://files.docking.org/zinc22/zinc-22x/H25/H25P700/H25P700-M.x.smi.gz	5720
zinc-22x-H26P090	x	26	90	https://files.docking.org/zinc22/zinc-22x/H26/H26P090/H26P090-M.x.smi.gz	12776709
zinc-22x-H26P100	x	26	100	https://files.docking.org/zinc22/zinc-22x/H26/H26P100/H26P100-M.x.smi.gz	2038382
zinc-22x-H26P110	x	26	110	https://files.docking.org/zinc22/zinc-22x/H26/H26P110/H26P110-M.x.smi.gz	15462967
zinc-22x-H26P120	x	26	120	https://files.docking.org/zinc22/zinc-22x/H26/H26P120/H26P120-M.x.smi.gz	16788796
zinc-22x-H26P130	x	26	130	https://files.docking.org/zinc22/zinc-22x/H26/H26P130/H26P130-M.x.smi.gz	17732996
zinc-22x-H26P140	x	26	140	https://files.docking.org/zinc22/zinc-22x/H26/H26P140/H26P140-M.x.smi.gz	18195556
zinc-22x-H26P150	x	26	150	https://files.docking.org/zinc22/zinc-22x/H26/H26P150/H26P150-M.x.smi.gz	18631634
zinc-22x-H26P160	x	26	160	https://files.docking.org/zinc22/zinc-22x/H26/H26P160/H26P160-M.x.smi.gz	146566
zinc-22x-H26P170	x	26	170	https://files.docking.org/zinc22/zinc-22x/H26/H26P170/H26P170-M.x.smi.gz	1486517
zinc-22x-H26P180	x	26	180	https://files.docking.org/zinc22/zinc-22x/H26/H26P180/H26P180-M.x.smi.gz	491873
zinc-22x-H26P190	x	26	190	https://files.docking.org/zinc22/zinc-22x/H26/H26P190/H26P190-M.x.smi.gz	12544341
zinc-22x-H26P210	x	26	210	https://files.docking.org/zinc22/zinc-22x/H26/H26P210/H26P210-M.x.smi.gz	12873402
zinc-22x-H26P220	x	26	220	https://files.docking.org/zinc22/zinc-22x/H26/H26P220/H26P220-M.x.smi.gz	3654622
zinc-22x-H26P230	x	26	230	https://files.docking.org/zinc22/zinc-22x/H26/H26P230/H26P230-M.x.smi.gz	11371812
zinc-22x-H26P240	x	26	240	https://files.docking.org/zinc22/zinc-22x/H26/H26P240/H26P240-M.x.smi.gz	11514654
zinc-22x-H26P250	x	26	250	https://files.docking.org/zinc22/zinc-22x/H26/H26P250/H26P250-M.x.smi.gz	14640066
zinc-22x-H26P260	x	26	260	https://files.docking.org/zinc22/zinc-22x/H26/H26P260/H26P260-M.x.smi.gz	9789275
zinc-22x-H26P270	x	26	270	https://files.docking.org/zinc22/zinc-22x/H26/H26P270/H26P270-M.x.smi.gz	11314909
zinc-22x-H26P280	x	26	280	https://files.docking.org/zinc22/zinc-22x/H26/H26P280/H26P280-M.x.smi.gz	15315087
zinc-22x-H26P290	x	26	290	https://files.docking.org/zinc22/zinc-22x/H26/H26P290/H26P290-M.x.smi.gz	11779705
zinc-22x-H26P300	x	26	300	https://files.docking.org/zinc22/zinc-22x/H26/H26P300/H26P300-M.x.smi.gz	14389346
zinc-22x-H26P310	x	26	310	https://files.docking.org/zinc22/zinc-22x/H26/H26P310/H26P310-M.x.smi.gz	13505429
zinc-22x-H26P320	x	26	320	https://files.docking.org/zinc22/zinc-22x/H26/H26P320/H26P320-M.x.smi.gz	69814
zinc-22x-H26P330	x	26	330	https://files.docking.org/zinc22/zinc-22x/H26/H26P330/H26P330-M.x.smi.gz	6580523
zinc-22x-H26P340	x	26	340	https://files.docking.org/zinc22/zinc-22x/H26/H26P340/H26P340-M.x.smi.gz	6922070
zinc-22x-H26P380	x	26	380	https://files.docking.org/zinc22/zinc-22x/H26/H26P380/H26P380-M.x.smi.gz	1256255
zinc-22x-H29P210	x	29	210	https://files.docking.org/zinc22/zinc-22x/H29/H29P210/H29P210-M.smi.gz	1872005
zinc-22x-H29P220	x	29	220	https://files.docking.org/zinc22/zinc-22x/H29/H29P220/H29P220-M.x.smi.gz	22902409
zinc-22x-H29P230	x	29	230	https://files.docking.org/zinc22/zinc-22x/H29/H29P230/H29P230-M.x.smi.gz	18016210
zinc-22x-H29P240	x	29	240	https://files.docking.org/zinc22/zinc-22x/H29/H29P240/H29P240-M.x.smi.gz	1740139
zinc-22x-H29P250	x	29	250	https://files.docking.org/zinc22/zinc-22x/H29/H29P250/H29P250-M.x.smi.gz	22178004
zinc-22x-H29P260	x	29	260	https://files.docking.org/zinc22/zinc-22x/H29/H29P260/H29P260-M.smi.gz	849864
zinc-22x-H29P270	x	29	270	https://files.docking.org/zinc22/zinc-22x/H29/H29P270/H29P270-M.x.smi.gz	20599453
zinc-22x-H29P280	x	29	280	https://files.docking.org/zinc22/zinc-22x/H29/H29P280/H29P280-M.x.smi.gz	50195
zinc-22x-H29P290	x	29	290	https://files.docking.org/zinc22/zinc-22x/H29/H29P290/H29P290-M.x.smi.gz	20466684
zinc-22x-H29P300	x	29	300	https://files.docking.org/zinc22/zinc-22x/H29/H29P300/H29P300-M.smi.gz	1504194
zinc-22x-H29P310	x	29	310	https://files.docking.org/zinc22/zinc-22x/H29/H29P310/H29P310-M.smi.gz	1907997
zinc-22x-H29P330	x	29	330	https://files.docking.org/zinc22/zinc-22x/H29/H29P330/H29P330-M.smi.gz	933124
zinc-22x-H29P340	x	29	340	https://files.docking.org/zinc22/zinc-22x/H29/H29P340/H29P340-M.smi.gz	1300904
zinc-22x-H29P350	x	29	350	https://files.docking.org/zinc22/zinc-22x/H29/H29P350/H29P350-M.smi.gz	724847
zinc-22x-H29P360	x	29	360	https://files.docking.org/zinc22/zinc-22x/H29/H29P360/H29P360-M.smi.gz	1406273
zinc-22x-H29P370	x	29	370	https://files.docking.org/zinc22/zinc-22x/H29/H29P370/H29P370-M.smi.gz	849098
zinc-22x-H29P380	x	29	380	https://files.docking.org/zinc22/zinc-22x/H29/H29P380/H29P380-M.smi.gz	1312416
zinc-22x-H29P390	x	29	390	https://files.docking.org/zinc22/zinc-22x/H29/H29P390/H29P390-M.smi.gz	749248
zinc-22x-H29P400	x	29	400	https://files.docking.org/zinc22/zinc-22x/H29/H29P400/H29P400-M.smi.gz	684490
